,,,,,,,,
Programme,LIEN,NBLM,AUDIO,INFO,PDF,SLIDE,VIDEO,Suivi
001_DGT_B1_M01_S001 - Guide du bloc Animer un processus de problématisation et d’idéation à partir d'une analyse des besoins clients,https://app.studi.fr/v3/medialibrary/lib/resources?promotionId=4416&subjectId=49474&moduleId=70333&themeId=129634,https://notebooklm.google.com/notebook/9c3b7e84-c81b-4814-95b6-1fec63e69b03,https://drive.google.com/file/d/1YnNTLPCu7uUg4lQe7AAR5wN81zh6HNyI/view?usp=drivesdk,https://drive.google.com/file/d/1XmUZZ8h-lGwKG103UZEScaXMWrhiDrUv/view?usp=drivesdk,https://drive.google.com/file/d/1g9Hn-MNjUpldhaGib4s5yOFHJGS8ggRL/view?usp=drivesdk,https://drive.google.com/file/d/1ucFinZW9uExp-MwpCgu1YiKR9aBKzEyk/view?usp=drivesdk,https://drive.google.com/file/d/1SDBGPHnUpABOwgz52_S7bjDDqtnULR56/view?usp=drivesdk,"100,00%"
002_DGT_B1_M02_S001 - L'étude de marché,https://app.studi.fr/v3/medialibrary/lib/resources?promotionId=4416&subjectId=49474&moduleId=70332&themeId=14367,https://notebooklm.google.com/notebook/abe203ad-c043-411b-9921-fbd624c6fd86,https://drive.google.com/file/d/1j1BU_jRNorSiieHTu_NaGCMgR1IVvwGX/view?usp=drivesdk,https://drive.google.com/file/d/1t40KMtTImCmGgeBZ0XqeiQaY7hMMFcWt/view?usp=drivesdk,https://drive.google.com/file/d/1_XalvnbobWPAGeGU6koJVE36UwG2iMT3/view?usp=drivesdk,https://docs.google.com/presentation/d/13dXU6_JaomXR4FzNbSJ831LCJT0WZhEP/edit?usp=drivesdk&ouid=108746249066667293401&rtpof=true&sd=true,https://drive.google.com/file/d/1K9kzDc6AJ-9LXqfzFyWWuwGF0P8-OK9E/view?usp=drivesdk,"100,00%"
003_DGT_B1_M02_S002 - La notion de concurrence et diversité concurrentielle,https://app.studi.fr/v3/medialibrary/lib/resources?promotionId=4416&subjectId=49474&moduleId=70332&themeId=109054,https://notebooklm.google.com/notebook/b7d2dfe7-3021-45d9-ad6c-1b7835c03f41,https://drive.google.com/file/d/1TVDANmP7bv5y9prPUoYYmFGC1Psji1nM/view?usp=drivesdk,https://drive.google.com/file/d/1NX6FqiTiEyaFDSariHRdHkiA0uI2q_da/view?usp=drivesdk,https://drive.google.com/file/d/1kxWlAlqjCdDpavhA0QaED_GaM3scNAWA/view?usp=drivesdk,https://docs.google.com/presentation/d/15nbTY1e_ZNB3QIxqX3i2VWKK2BEeDndu/edit?usp=drivesdk&ouid=108746249066667293401&rtpof=true&sd=true,https://drive.google.com/file/d/15LocfKhfjrw2eVPNrBC59fMPg1RQQUA1/view?usp=drivesdk,"100,00%"
004_DGT_B1_M02_S003 - Le benchmark digital,https://app.studi.fr/v3/medialibrary/lib/resources?promotionId=4416&subjectId=49474&moduleId=70332&themeId=109004,https://notebooklm.google.com/notebook/89027454-f7bd-44df-8397-5fc77285c4d3,https://drive.google.com/file/d/1Kuuvj0j6lS7GCkWlPYtLZMuGWb_kQZAh/view?usp=drivesdk,https://drive.google.com/file/d/19vL4MtBX11rxdg7Ad-Bz40TMsUn3EyHt/view?usp=drivesdk,https://drive.google.com/file/d/1Gbhbl_cArwY4P-h0yfJk3U8eLocZYVqs/view?usp=drivesdk,https://docs.google.com/presentation/d/1JbRQSq7IsNy6jlcYGAkNkASR4CTjNwRw/edit?usp=drivesdk&ouid=108746249066667293401&rtpof=true&sd=true,https://drive.google.com/file/d/1oiOI06bgyYOrH7GHRIOyoNM7VLh7UVs9/view?usp=drivesdk,"100,00%"
005_DGT_B1_M02_S004 - Le recueil et l'analyse des besoins,https://app.studi.fr/v3/medialibrary/lib/resources?promotionId=4416&subjectId=49474&moduleId=70332&themeId=109520,https://notebooklm.google.com/notebook/87dfad9a-15b0-48e2-b1c0-9eb88d3c0a5d,https://drive.google.com/file/d/15RJxYl6wgwOvQHp0tKHmN5nFDXTu5PoZ/view?usp=drivesdk,https://drive.google.com/file/d/1vsWI0NGwVPykKXaQyKqGizTyA1astaWW/view?usp=drivesdk,https://drive.google.com/file/d/16sL6vfnlyU26T0B-7o6x4QIqegOkOjNq/view?usp=drivesdk,https://docs.google.com/presentation/d/1HgtskI96kqX9ZztoFO_-76UFcUEVQpwm/edit?usp=drivesdk&ouid=108746249066667293401&rtpof=true&sd=true,https://drive.google.com/file/d/181gW3Bsh1oD7N0MegJEv6i1-zLVLfpxp/view?usp=drivesdk,"100,00%"
006_DGT_B1_M02_S005 - Identifier et comprendre le client et sa demande,https://app.studi.fr/v3/medialibrary/lib/resources?promotionId=4416&subjectId=49474&moduleId=70332&themeId=119387,https://notebooklm.google.com/notebook/14b0519f-7d49-4c8d-a830-70684ae714dc,https://drive.google.com/file/d/1PSb3Dm_WHmA_H4ZOeQ2s9ZzaAo5cac2s/view?usp=drivesdk,https://drive.google.com/file/d/1mCPhM19Nllqs3WWmO2okXpYi3rBGJhuG/view?usp=drivesdk,https://drive.google.com/file/d/1Fu9I-CVv_F1tA-8GIEKvv04fFPd-w0A1/view?usp=drivesdk,https://docs.google.com/presentation/d/1n9plFOSKHvIq64Xh96r6AkgjcCF0GtEv/edit?usp=drivesdk&ouid=108746249066667293401&rtpof=true&sd=true,https://drive.google.com/file/d/1G-iBpYht7Nd7m_vlWWWdkKYldBRBT2ho/view?usp=drivesdk,"100,00%"
007_DGT_B1_M02_S006 - La place de la stratégie digitale dans la stratégie globale de l'entreprise,https://app.studi.fr/v3/medialibrary/lib/resources?promotionId=4416&subjectId=49474&moduleId=70332&themeId=109104,https://notebooklm.google.com/notebook/7afdcee7-0ad8-4a6f-a277-8e290db08b04,https://drive.google.com/file/d/1MHA6a3GOIN-XXE726AJn4G4iZD1sefnM/view?usp=drivesdk,https://drive.google.com/file/d/1RVO3Ur8TGL2EYYu33yFPYfQlrhzRPPR_/view?usp=drivesdk,https://drive.google.com/file/d/1qa29YPdCixvqT_iELIENl--IBfXf_6q3/view?usp=drivesdk,https://docs.google.com/presentation/d/1ICZp3v8qx_Sf3cuPfk45O1Shb0HX37zo/edit?usp=drivesdk&ouid=108746249066667293401&rtpof=true&sd=true,https://drive.google.com/file/d/1Hecr9hLB77VqWjHwihQ_0GE3ebD6NQ0l/view?usp=drivesdk,"100,00%"
008_DGT_B1_M02_S007 - L'environnement technologique et son impact sur l'entreprise,https://app.studi.fr/v3/medialibrary/lib/resources?promotionId=4416&subjectId=49474&moduleId=70332&themeId=118653,https://notebooklm.google.com/notebook/fd3ddf20-068a-4a88-b0a5-d9c5db0567a2,https://drive.google.com/file/d/1T8gCyeLPgjiUeEd1hqB3XWw5lb8iy7UK/view?usp=drivesdk,https://drive.google.com/file/d/1qwHDYhd0pgnl2YS1576MfOO4x6PyZn0l/view?usp=drivesdk,https://drive.google.com/file/d/1UzibCcchsjYiRure0xzunbOWhtvWRjBR/view?usp=drivesdk,https://docs.google.com/presentation/d/1YDkijeuH3QrdfoRiNz4kuTEh49viH4oD/edit?usp=drivesdk&ouid=108746249066667293401&rtpof=true&sd=true,https://drive.google.com/file/d/1bd28ZkGcjZ7sRfachwJeIIXpfZA6Pkxg/view?usp=drivesdk,"100,00%"
009_DGT_B1_M02_S008 - La culture et les valeurs de l'entreprise,https://app.studi.fr/v3/medialibrary/lib/resources?promotionId=4416&subjectId=49474&moduleId=70332&themeId=118443,https://notebooklm.google.com/notebook/ccf91525-8085-4100-89e4-9c5c903766dc,https://drive.google.com/file/d/1O-iO0_WFZBK1W_4q3wbdrBdtKNxsUb84/view?usp=drivesdk,https://drive.google.com/file/d/10lFKUNMmSA0ny4XrXEXnD-_ptd2jNv_r/view?usp=drivesdk,https://drive.google.com/file/d/1avfg1F_dPTNXkXCpBJs2BT9KonBKO5rI/view?usp=drivesdk,https://docs.google.com/presentation/d/1rerV3uZzsMRiCeAoxdI5Hqlf3uBvfZpd/edit?usp=drivesdk&ouid=108746249066667293401&rtpof=true&sd=true,https://drive.google.com/file/d/1eOxgh6a3hJGbXUE8cGufwVDH02QBKyYc/view?usp=drivesdk,"100,00%"
010_DGT_B1_M03_S001 - La démarche de veille,,,,,https://drive.google.com/file/d/1yTdPWay801SNF3pOv_6UDQlcYEEssBF1/view?usp=drivesdk,,,"25,00%"
"011_DGT_B1_M03_S002 - La veille technologique : sources, référents, outils et bonnes pratiques",,,,,https://drive.google.com/file/d/1qtZc-CQAvsCcYh66szqSZ3g-vgygEh5r/view?usp=drivesdk,,,"25,00%"
012_DGT_B1_M03_S003 - La veille concurrentielle et sectorielle,,,,,https://drive.google.com/file/d/15cP5CjeCL60ceBCyocpONX58xqQ1ByCT/view?usp=drivesdk,,,"25,00%"
013_DGT_B1_M03_S004 - Les autres types de veille,,,,,https://drive.google.com/file/d/1Cjn7LtIl6gVjpn8uRTqYtDJsYxqnXdgz/view?usp=drivesdk,,,"25,00%"
014_DGT_B1_M03_S005 - Les matrices de veille,,,,,https://drive.google.com/file/d/1TuLVTqIH6UzGJz3rhxfiN2XOAVGDq1kR/view?usp=drivesdk,,,"25,00%"
015_DGT_B1_M04_S001 - La problématique d'innovation ou de transformation,,,,,https://drive.google.com/file/d/1xA0l6x8HkdQDRsX3yiOOrU8uFit5apeb/view?usp=drivesdk,,,"25,00%"
016_DGT_B1_M04_S002 - Orienter le projet d'innovation sur le client final,,,,,https://drive.google.com/file/d/1KbWhOIoGdVINgWxfNov3SmY2aAqXq5sM/view?usp=drivesdk,,,"25,00%"
017_DGT_B1_M05_S001 - Analyse des contraintes dans la mise en oeuvre d'un projet,,,,,https://drive.google.com/file/d/1zjGTwJUR_iN5cRnve4buWr-ejAsDliRo/view?usp=drivesdk,,,"25,00%"
018_DGT_B1_M05_S002 - L'analyse des risques,,,,,https://drive.google.com/file/d/1ohKYuCf0rhkro5PUh5Hjd2yalIYhIQtQ/view?usp=drivesdk,,,"25,00%"
019_DGT_B1_M05_S003 - Analyse de l'impact d'un projet,,,,,https://drive.google.com/file/d/1_lMmj-xxIyurT9aTA-AhG3dZjgjcliiN/view?usp=drivesdk,,,"25,00%"
020_DGT_B1_M05_S004 - Application - Identification des risques et enjeux de la transition numérique d'une entreprise,https://app.studi.fr/v3/medialibrary/lib/resources?promotionId=4416&subjectId=49474&moduleId=70336&themeId=120685,,,,https://drive.google.com/file/d/1yRh2kN2xM4vUlBadGJykRN5Z5OmJMIak/view?usp=drivesdk,,,"37,50%"
021_DGT_B1_M06_S001 - Apprendre à générer des idées,,,,,https://drive.google.com/file/d/1Qmyzrot4TrEUcObXun6eVFRp5YO_MWN4/view?usp=drivesdk,,,"25,00%"
"022_DGT_B1_M06_S002 - Design Thinking : La phase d’empathie, la compréhension du besoin",,,,,https://drive.google.com/file/d/1ASOEN0vm3s0yaPHcGcCL-aG-ctIFx_Pg/view?usp=drivesdk,,,"25,00%"
023_DGT_B1_M06_S003 - Design Thinking : la phase d’idéation,https://app.studi.fr/v3/medialibrary/lib/resources?promotionId=4416&subjectId=49475&moduleId=70342&themeId=128151,,,,https://drive.google.com/file/d/1X4isSi2MoNx_kQ-Rcf884aHwCprmode_/view?usp=drivesdk,,,"37,50%"
024_DGT_B1_M06_S004 - Design Thinking : La phase de prototypage de la solution,,,,,https://drive.google.com/file/d/1jK5nWQeEOH9rt0F-oiIbx6yEiLxzOkyG/view?usp=drivesdk,,,"25,00%"
025_DGT_B1_M06_S005 - Design Thinking : La phase de test de la solution,,,,,https://drive.google.com/file/d/1LFvRCVJRxC8_rItIMo7GtGKPn7k5Zn9n/view?usp=drivesdk,,,"25,00%"
026_DGT_B1_M06_S006 - Design Thinking : La phase de d'itération,,,,,https://drive.google.com/file/d/1dR5eatRlUHp76acsklGnHy25piGIJ8s5/view?usp=drivesdk,,,"25,00%"
027_DGT_B1_M06_S007 - Animer un atelier de brainstorming,,,,,https://drive.google.com/file/d/1ZuwP4q-K8hEDgFexG55CLJPzxrzyQszv/view?usp=drivesdk,,,"25,00%"
028_DGT_B1_M06_S008 - Préparer et présenter un dossier de conception,,,,,https://drive.google.com/file/d/1XVBweHLjP4aIqlvuUv-xSWvZHEQEwg6m/view?usp=drivesdk,,,"25,00%"
029_DGT_B1_M07_S001 - La complémentarité étude qualitative/ étude quantitative,,,,,https://drive.google.com/file/d/1jGnCKs6wFVknnmt4kbbioNiUUWCP2VV_/view?usp=drivesdk,,,"25,00%"
030_DGT_B1_M07_S002 - Les études qualitatives,,,,,https://drive.google.com/file/d/15ontwPhPpHrw8wx_Pq2PE3TSUw3QzhK9/view?usp=drivesdk,,,"25,00%"
031_DGT_B1_M07_S003 - La mise en oeuvre d'études qualitatives,,,,,https://drive.google.com/file/d/1vSUKbenq_KQNe-yJQKwy0hua8tBcmst1/view?usp=drivesdk,,,"25,00%"
032_DGT_B1_M07_S004 - Les types d'études quantitatives,,,,,https://drive.google.com/file/d/1hXrX_EbqPtZk1p9oVxHSRKvoDbXoNs65/view?usp=drivesdk,,,"25,00%"
033_DGT_B1_M07_S005 - La réalisation d'une enquête,,,,,https://drive.google.com/file/d/17kjPFr0ODTAT5s8e5MAvXe-19pMvfOOk/view?usp=drivesdk,,,"25,00%"
034_DGT_B1_M07_S006 - Les méthodes d'échantillonnage,,,,,https://drive.google.com/file/d/11gWPQ2SGm3lEw-nhg9Tp3E_t7rAJgEuJ/view?usp=drivesdk,,,"25,00%"
035_DGT_B1_M07_S007 - Les études à l'épreuve du numérique,,,,,https://drive.google.com/file/d/1e8tj4xIo8g0Lhz3P4QJAJkaLLKT3JFll/view?usp=drivesdk,,,"25,00%"
036_DGT_B2_M01_S001 - Guide du bloc Concevoir un projet de transformation et/ou d’innovation,https://app.studi.fr/v3/medialibrary/lib/resources?promotionId=4416&subjectId=49475&moduleId=70341&themeId=129636,https://notebooklm.google.com/notebook/f01b2f5b-5032-4b4d-ab0f-965c91c88055,https://drive.google.com/file/d/1CoqPojK4ry3DT7zCSiHrCUEcLevi-iKK/view?usp=drivesdk,https://drive.google.com/file/d/1SY7jF5wqra7lxTsarhCm_WQv5uHvAtTL/view?usp=drivesdk,https://drive.google.com/file/d/105-QCRnUm0OlXJBkgIeqoGxya8jvzuDf/view?usp=drivesdk,https://docs.google.com/presentation/d/1d0YsEGR4NNrvfC3gS8PhEOR6tjzpZsBi/edit?usp=drivesdk&ouid=108746249066667293401&rtpof=true&sd=true,https://drive.google.com/file/d/10HvdNDlNAZOATMkuBVoBeDeza0yL8_CX/view?usp=drivesdk,"100,00%"
037_DGT_B2_M02_S001 - Les fondamentaux d'une proposition de valeur,https://app.studi.fr/v3/medialibrary/lib/resources?promotionId=4416&subjectId=49475&moduleId=70340&themeId=120246,https://notebooklm.google.com/notebook/21e42ff4-a6fd-4fea-900e-c823d99909a4,https://drive.google.com/file/d/1DaicT9D0FgEu3SzQo2OnVLzzDlDjQgsz/view?usp=drivesdk,https://drive.google.com/file/d/10I-Z_pvlwtYamkbRNxtQgrYUpUTvQn4B/view?usp=drivesdk,https://drive.google.com/file/d/1GPJXUmPSBz5MckNKSuk2oZjXoOU7GPT4/view?usp=drivesdk,https://docs.google.com/presentation/d/1dFC-x35O0mpvvLWayiDlXfqcHEh-vYVu/edit?usp=drivesdk&ouid=108746249066667293401&rtpof=true&sd=true,https://drive.google.com/file/d/1o3K5xElTVTHyi4ad9iAx75RRXJk3AVtY/view?usp=drivesdk,"100,00%"
038_DGT_B2_M02_S002 - Les objectifs d'une proposition de valeur,https://app.studi.fr/v3/medialibrary/lib/resources?promotionId=4416&subjectId=49475&moduleId=70340&themeId=120247,,,,https://drive.google.com/file/d/14y1fRwXIVnuKY_XFyOHsuZCrDM83jWf1/view?usp=drivesdk,,,"37,50%"
039_DGT_B2_M03_S001 - La planification d'un projet web,https://app.studi.fr/v3/medialibrary/lib/resources?promotionId=4416&subjectId=49475&moduleId=70342&themeId=128151,,,,https://drive.google.com/file/d/1TbVH_B3dAom3kN4MPj37UJcoZyhdZyQG/view?usp=drivesdk,,,"37,50%"
040_DGT_B2_M03_S002 - Le rôle de la note de cadrage,https://app.studi.fr/v3/medialibrary/lib/resources?promotionId=4416&subjectId=49475&moduleId=70342&themeId=109515,,,,https://drive.google.com/file/d/17lQMFPMk9R4Xjh0NvjaQ56VkE3q7uwOy/view?usp=drivesdk,,,"37,50%"
041_DGT_B2_M03_S003 - La rédaction d'un cahier des charges,https://app.studi.fr/v3/medialibrary/lib/resources?promotionId=4416&subjectId=49475&moduleId=70342&themeId=109554,,,,https://drive.google.com/file/d/1O3ZuKKUTzeCKN8EUihxQVqf8wsozHpNo/view?usp=drivesdk,,,"37,50%"
042_DGT_B2_M03_S004 - Les acteurs et les ressources du projet,https://app.studi.fr/v3/medialibrary/lib/resources?promotionId=4416&subjectId=49475&moduleId=70342&themeId=109177,,,,https://drive.google.com/file/d/1hKIUzOFYtfYKgZXIxD_uPQJzahTjcf9w/view?usp=drivesdk,,,"37,50%"
043_DGT_B2_M03_S005 - Identifier et sélectionner les prestataires et les fournisseurs adaptés aux besoins du projet,https://app.studi.fr/v3/medialibrary/lib/resources?promotionId=4416&subjectId=49475&moduleId=70342&themeId=120361,,,,https://drive.google.com/file/d/1LDqvP-2dRpoZvTETddkIIutK5MymYxZf/view?usp=drivesdk,,,"37,50%"
044_DGT_B2_M03_S006 - La construction d'un tableau de bord opérationnel,https://app.studi.fr/v3/medialibrary/lib/resources?promotionId=4416&subjectId=49475&moduleId=70342&themeId=107256,,,,https://drive.google.com/file/d/1bBAZDxXJGr4qf9ZyPN4_IbxOovgP8sz7/view?usp=drivesdk,,,"37,50%"
045_DGT_B2_M04_S001 - Le budget digital et les décisions d’investissement,https://app.studi.fr/v3/medialibrary/lib/resources?promotionId=4416&subjectId=49475&moduleId=70343&themeId=128146,https://notebooklm.google.com/notebook/38d3d573-decd-44cc-be8f-eb42d04d3efc,https://drive.google.com/file/d/16q8aT7AF88EbdVhT9TbncymuBdshPXzG/view?usp=drivesdk,https://drive.google.com/file/d/19Ogl6Engj0jszAvNhupW-wjHOL_8xwn_/view?usp=drivesdk,https://drive.google.com/file/d/1fkWj1WxeYrUPKh_qKVEV-LRR4rJlPzoW/view?usp=drivesdk,https://docs.google.com/presentation/d/1l8SKsddXx2MjMbO4zLV5HHvS3ZMApl7C/edit?usp=drivesdk&ouid=108746249066667293401&rtpof=true&sd=true,https://drive.google.com/file/d/1SV6Jo_KfpbYIGSk3IHKqtnTw2uKLbz8x/view?usp=drivesdk,"100,00%"
046_DGT_B2_M04_S002 - Calculer la rentabilité d’un projet digital,https://app.studi.fr/v3/medialibrary/lib/resources?promotionId=4416&subjectId=49475&moduleId=70343&themeId=128147,https://notebooklm.google.com/notebook/e6e37989-d264-4e51-940a-b22520583833,https://drive.google.com/file/d/1WtXPdoD0opzcw-nCXgiN_IBcFLJlpQ2M/view?usp=drivesdk,https://drive.google.com/file/d/19QDNpHt_cqrWzp9FIT7WFy3RKjushg1O/view?usp=drivesdk,https://drive.google.com/file/d/1at4mOa8qxRiKLv0t6q4FU0W1W1nB8LFd/view?usp=drivesdk,https://drive.google.com/file/d/1hUvteo5G9iUxozmH8DC801CsLlhe4M7D/view?usp=drivesdk,https://drive.google.com/file/d/1ODWkRTVHDGkeHQOK0WgYx0RKybO4pysM/view?usp=drivesdk,"100,00%"
047_DGT_B2_M04_S003 - L'Executive Summary d'un projet d'innovation,https://app.studi.fr/v3/medialibrary/lib/resources?promotionId=4416&subjectId=49475&moduleId=70343&themeId=128148,https://notebooklm.google.com/notebook/1328ae53-5c51-44a2-b3dd-76599bb328ed,https://drive.google.com/file/d/1LxMlls-H0DTz8-251nzY2q6vwvx8KSdJ/view?usp=drivesdk,https://drive.google.com/file/d/1rr4S5KypzXK01TRokjwnU-ZFmqrMsQCv/view?usp=drivesdk,https://drive.google.com/file/d/1cJOOuaEGn8H9WrMCfH-WvjDMFpUbRujT/view?usp=drivesdk,https://docs.google.com/presentation/d/1ICc5Y_wGetDXde-hPIB5HFlkwD1VXYKk/edit?usp=drivesdk&ouid=108746249066667293401&rtpof=true&sd=true,https://drive.google.com/file/d/1-FFP6nVB4Pe3yDEQACNfLq1KSArmKZVQ/view?usp=drivesdk,"100,00%"
048_DGT_B2_M05_S001 - La préparation et la structuration du business plan,https://app.studi.fr/v3/medialibrary/lib/resources?promotionId=4416&subjectId=49475&moduleId=70344&themeId=109067,https://notebooklm.google.com/notebook/207f5130-22f3-4658-af0e-0b257ab9e168,https://drive.google.com/file/d/1CSDby_xayMMDGfH3aejkvTBTAeaxsBGH/view?usp=drivesdk,https://drive.google.com/file/d/1a6Cgj3k3oqNWh3ejKNeTUnFyXpFgxwM1/view?usp=drivesdk,https://drive.google.com/file/d/1efrCUKJyJowlD8uPNjaXj-3UFKmpZrOj/view?usp=drivesdk,https://docs.google.com/presentation/d/1wuwoR-T6alfu_pLdnvlLxMd1aNkoqKu9/edit?usp=drivesdk&ouid=108746249066667293401&rtpof=true&sd=true,https://drive.google.com/file/d/16PgiqDrQ7wIPPaMZH8E3theOH3HiE-uL/view?usp=drivesdk,"100,00%"
049_DGT_B2_M05_S002 - La faisabilité économique et financière du business plan,https://app.studi.fr/v3/medialibrary/lib/resources?promotionId=4416&subjectId=49475&moduleId=70344&themeId=109068,https://notebooklm.google.com/notebook/a39f3103-6354-432c-9156-b0413c01b5da,https://drive.google.com/file/d/1ohxiuz7kLafM5UiHP1nx7_oR02J56Aa5/view?usp=drivesdk,https://drive.google.com/file/d/1MYEpO1K-s3JtehwL9TzjD14yzF3Yiprm/view?usp=drivesdk,https://drive.google.com/file/d/1kvil52v7o65a-V7PugXuNtAbrxl47ofv/view?usp=drivesdk,https://docs.google.com/presentation/d/1BJZo73hvUxTu3UAx7TiLFmsK1vXj7rPP/edit?usp=drivesdk&ouid=108746249066667293401&rtpof=true&sd=true,https://drive.google.com/file/d/1zpSPrgtFFuHrgx2-Q04e7xoo2OrkN7Pb/view?usp=drivesdk,"100,00%"
050_DGT_B2_M05_S003 - Quels chiffres dans un business plan ?,https://app.studi.fr/v3/medialibrary/lib/resources?promotionId=4416&subjectId=49475&moduleId=70344&themeId=113870,,,,https://drive.google.com/file/d/1yk_KUNY-njsPnTlDIun34BIua1kW0Ymi/view?usp=drivesdk,,,"37,50%"
051_DGT_B2_M06_S001 - Présenter son Business Plan,https://app.studi.fr/v3/medialibrary/lib/resources?promotionId=4416&subjectId=49475&moduleId=70345&themeId=113873,,,,https://drive.google.com/file/d/1LMSAqAXHPOK92w6m9bPNBh27IuqCnkrW/view?usp=drivesdk,,,"37,50%"
052_DGT_B2_M06_S002 - Soutenir son business plan,https://app.studi.fr/v3/medialibrary/lib/resources?promotionId=4416&subjectId=49475&moduleId=70345&themeId=113874,,,,https://drive.google.com/file/d/16m-97BEsexMkXj-pxEXHUQ-Erk6m-2ZZ/view?usp=drivesdk,,,"37,50%"
053_DGT_B2_M06_S003 - La présentation écrite d'un projet,https://app.studi.fr/v3/medialibrary/lib/resources?promotionId=4416&subjectId=49475&moduleId=70345&themeId=109164,,,,https://drive.google.com/file/d/1pSwwEbPEYyiXl3CYHI0XBo8Ss0BjIZFS/view?usp=drivesdk,,,"37,50%"
054_DGT_B2_M06_S004 - Des présentations de résultats impactantes,https://app.studi.fr/v3/medialibrary/lib/resources?promotionId=4416&subjectId=49475&moduleId=70345&themeId=107130,,,,https://drive.google.com/file/d/1hWEyA0GwhYU3jo-bnODntwywzOH-1TSi/view?usp=drivesdk,,,"37,50%"
055_DGT_B3_M01_S001 - Guide du bloc Concevoir et mettre en œuvre une stratégie de communication interne/externe,https://app.studi.fr/v3/medialibrary/lib/resources?promotionId=4416&subjectId=49476&moduleId=70347&themeId=129638,https://notebooklm.google.com/notebook/1a3e44a4-7c19-48ea-bf5c-7a7e3ac40bde,https://drive.google.com/file/d/1LBLlAi4wGD2weti8NmDwzoVI9GJmAChv/view?usp=drivesdk,https://drive.google.com/file/d/1SNJoHlPNR7SJXVBoJ5YYo65bg91mvII2/view?usp=drivesdk,https://drive.google.com/file/d/1U15qVR3JRRUgRc4wpAZf9F-WS0H8H-SA/view?usp=drivesdk,https://docs.google.com/presentation/d/1psJV7MIDW8ZVaID4rS27M2GD6txuFJGM/edit?usp=drivesdk&ouid=108746249066667293401&rtpof=true&sd=true,https://drive.google.com/file/d/1DctpTnERghQij4wO8pZWNqF2hooSDlHE/view?usp=drivesdk,"100,00%"
056_DGT_B3_M02_S001 - La connaissance des cibles,https://app.studi.fr/v3/medialibrary/lib/resources?promotionId=4416&subjectId=49476&moduleId=70348&themeId=110440,https://notebooklm.google.com/notebook/a7e4c47c-8348-4503-a5bc-26fdad7fc88f,https://drive.google.com/file/d/1_rJ14O9gdn1__YowGPGqL0CK-4HucDjm/view?usp=drivesdk,https://drive.google.com/file/d/1cMRo7dIigFBNeBD6Tsi-c9M1qEZ1Pkmo/view?usp=drivesdk,https://drive.google.com/file/d/1Pfn4a_Hkpr2eHKcfWS9UvMwwGJx6xd9Q/view?usp=drivesdk,https://docs.google.com/presentation/d/1nhbXeMJ-yVD0-x5K2cpB8qwLe7dKw9-K/edit?usp=drivesdk&ouid=108746249066667293401&rtpof=true&sd=true,,"87,50%"
057_DGT_B3_M02_S002 - Les objectifs de communication,,,,,https://drive.google.com/file/d/1R3tH_BV2QBXADZ1BCNkNmp1m2BGJGi80/view?usp=drivesdk,,,"25,00%"
058_DGT_B3_M02_S003 - Les cibles en fonction des différents réseaux sociaux,,,,,https://drive.google.com/file/d/12ol_umqpupuMVTqxC1iXV9yXHepjqrkG/view?usp=drivesdk,,,"25,00%"
059_DGT_B3_M02_S004 - La création des personas,,,,,https://drive.google.com/file/d/1nm0P6mjJZZxfRYxV4xaIRxt0pIWzVHLA/view?usp=drivesdk,,,"25,00%"
060_DGT_B3_M03_S001 - La stratégie de communication : le positionnement,,,,,https://drive.google.com/file/d/1YLSclGOrn0GtsYV3XA74dLVsY15RTLVs/view?usp=drivesdk,,,"25,00%"
061_DGT_B3_M03_S002 - La stratégie de communication : Les objectifs,,,,,https://drive.google.com/file/d/1Oo2ZQmLwtQFwgSZoo2d4xL7r6VcLZwfk/view?usp=drivesdk,,,"25,00%"
062_DGT_B3_M03_S003 - La stratégie de communication : Les cibles,,,,,https://drive.google.com/file/d/1sP8AcaGM6pB_WuzMA9LNbhb4xw90Yvl9/view?usp=drivesdk,,,"25,00%"
063_DGT_B3_M03_S004 - La stratégie de communication : L'axe créatif,,,,,https://drive.google.com/file/d/1oGnZ9cDYI0GDlgExXYe-gwFiS65kP28y/view?usp=drivesdk,,,"25,00%"
064_DGT_B3_M03_S005 - Le projet de communication,,,,,https://drive.google.com/file/d/1bpbXfiMEgCZgr1IUOxM2JO0lxwDeMjXY/view?usp=drivesdk,,,"25,00%"
065_DGT_B3_M03_S006 - Fixer des objectifs SMART,,,,,https://drive.google.com/file/d/1zwRLeMXaYsAphyKCD0cVT4rc4VNtxB8E/view?usp=drivesdk,,,"25,00%"
066_DGT_B3_M03_S007 - Les outils de mesure de l'efficacité,,,,,https://drive.google.com/file/d/1EmPskCjHuQ2w7oOdPfJIujamYZ0V_xGd/view?usp=drivesdk,,,"25,00%"
067_DGT_B3_M03_S008 - La place de la conduite du changement,,,,,https://drive.google.com/file/d/1QgHv5GV6ZXN6J2xxu41g0qRyZE0Zrx1W/view?usp=drivesdk,,,"25,00%"
068_DGT_B3_M04_S001 - Le positionnement de communication,,,,,https://drive.google.com/file/d/1AJRfrlRZ2tnTtm9bcB2rmTEi2OJN9gXT/view?usp=drivesdk,,,"25,00%"
069_DGT_B3_M04_S002 - Le rôle du plan de communication,,,,,https://drive.google.com/file/d/1npW7OUss4rJ3OS2xkF8xauIvKobYf2ew/view?usp=drivesdk,,,"25,00%"
070_DGT_B3_M04_S003 - Les composantes du plan de communication,,,,,https://drive.google.com/file/d/1mz9-ayKtCweSlCb1McXGWX_of2M7iigf/view?usp=drivesdk,,,"25,00%"
071_DGT_B3_M04_S004 - La définition des médias cible,,,,,https://drive.google.com/file/d/1BbFRr7wHURyfqkFR27M2y263lYPM1N_i/view?usp=drivesdk,,,"25,00%"
072_DGT_B3_M04_S005 - La budgétisation et le calendrier des actions,,,,,https://drive.google.com/file/d/1dHO4Ne4TO2a0gETsaZUQEr_US0mv4-iM/view?usp=drivesdk,,,"25,00%"
073_DGT_B3_M05_S001 - Les messages clés dans le cadre d'une communication efficace,,,,,https://drive.google.com/file/d/1dn6oOsjch-k6hu87VHHOIn9D6to4opT0/view?usp=drivesdk,,,"25,00%"
074_DGT_B3_M05_S002 - Structurer son message,,,,,https://drive.google.com/file/d/1Oic9ot8ekON4PzbvwHIMUiMA1H68wXJs/view?usp=drivesdk,,,"25,00%"
075_DGT_B3_M05_S003 - Production d'un message,,,,,https://drive.google.com/file/d/1aFGx6mi45g41e9FB60JL97KdXbLNZlVv/view?usp=drivesdk,,,"25,00%"
076_DGT_B3_M05_S004 - Le storytelling,,,,,https://drive.google.com/file/d/15Z_Yxl4znxB0B2gyCtOVMkz_nfuR85g3/view?usp=drivesdk,,,"25,00%"
077_DGT_B3_M05_S005 - Les moyens et supports de communication,,,,,https://drive.google.com/file/d/1MPlFDxdmW9T7j33pXP6HpmGA01pGL10t/view?usp=drivesdk,,,"25,00%"
078_DGT_B4_M01_S001 - Guide du bloc Piloter un projet d’innovation et/ou de transformation jusqu'à la phase de rendu final,https://app.studi.fr/v3/medialibrary/lib/resources?promotionId=4416&subjectId=49477&moduleId=70353&themeId=129640,https://notebooklm.google.com/notebook/0cbc99ba-c13a-4b8d-beef-ea66ad3d5fd7,,,https://drive.google.com/file/d/1biqcVZQsQImCU8wNDCFs877v1VFV6Wt6/view?usp=drivesdk,,,"50,00%"
079_DGT_B4_M02_S001 - Innover avec le Design Thinking ?,https://app.studi.fr/v3/medialibrary/lib/resources?promotionId=4416&subjectId=49477&moduleId=70354&themeId=112354,https://notebooklm.google.com/notebook/a10488a8-12b1-42f2-b9d0-f031f596c669,,,https://drive.google.com/file/d/1ZBEbtTJ520WO1LlenwfO2o_ejs4bS2or/view?usp=drivesdk,,,"50,00%"
080_DGT_B4_M02_S002 - La réalisation de maquettes avec des prototypes UX,https://app.studi.fr/v3/medialibrary/lib/resources?promotionId=4416&subjectId=49477&moduleId=70354&themeId=109562,https://notebooklm.google.com/notebook/d2a07260-b34e-4b65-9777-e692f3b7e3d0,,,https://drive.google.com/file/d/1HlzuiO89LrK5HOLaa9ZaRVertk3KIIet/view?usp=drivesdk,,,"50,00%"
081_DGT_B4_M02_S003 - Introduction au parcours interactif et au prototypage,https://app.studi.fr/v3/medialibrary/lib/resources?promotionId=4416&subjectId=49477&moduleId=70354&themeId=120105,https://notebooklm.google.com/notebook/698ca65c-a2d3-4102-a834-2b6b12d081ac,,,https://drive.google.com/file/d/1M0eu6WA6EgxDBg4Pnm3sHIzdI0lNG0Z0/view?usp=drivesdk,,,"50,00%"
082_DGT_B4_M03_S001 - Test utilisateur,,,,,https://drive.google.com/file/d/1eDQfUgjhyhXqLeudt6Ab_Wx25gKVZhvX/view?usp=drivesdk,,,"25,00%"
083_DGT_B4_M03_S002 - Evaluation quantitative de la solution proposée,,,,,https://drive.google.com/file/d/1gxv5b8jdSxRCrLEYiqq-bNIKq1eguC4a/view?usp=drivesdk,,,"25,00%"
084_DGT_B4_M03_S003 - Evaluation qualitative de la solution proposée,,,,,https://drive.google.com/file/d/1uh-4AaYOefibTdS2G20Bf_9Kv6mxvBbx/view?usp=drivesdk,,,"25,00%"
085_DGT_B4_M03_S004 - Recueillir des informations sur les comportements utilisateurs,,,,,https://drive.google.com/file/d/1io8-om7y7bew4flIh22d0KfvcHOwH3bi/view?usp=drivesdk,,,"25,00%"
086_DGT_B4_M03_S005 - Élaborer les fiches d'observation,,,,,https://drive.google.com/file/d/1Kf9F5S8h77rTI_xlBfJIbSKtrmNZhXvo/view?usp=drivesdk,,,"25,00%"
087_DGT_B4_M03_S006 - Construire les rapports de test,,,,,https://drive.google.com/file/d/16btp699oAGpTLaUBz3Gqs7x16xl5APjK/view?usp=drivesdk,,,"25,00%"
088_DGT_B4_M04_S001 - La démarche qualité,,,,,https://drive.google.com/file/d/1mBw2EnCVgCH7Fi1XnvK4BlNJu8LdVpBy/view?usp=drivesdk,,,"25,00%"
089_DGT_B4_M04_S002 - La mesure de la qualité,,,,,https://drive.google.com/file/d/1h1i10N9uqoIRXfm8BhufnT1P-xeqmV2c/view?usp=drivesdk,,,"25,00%"
090_DGT_B4_M04_S003 - Les tests qualité selon la nature des livrables,,,,,https://drive.google.com/file/d/1k6I0OpTO1YcDUKhd1ng65VrUhmj_2Of4/view?usp=drivesdk,,,"25,00%"
091_DGT_B4_M04_S004 - Normes et réglementations,,,,,https://drive.google.com/file/d/12XHftj-ZbZer9aEEBP4h1bRxBo4Y8sRF/view?usp=drivesdk,,,"25,00%"
092_DGT_B4_M04_S005 - Low tech,,,,,https://drive.google.com/file/d/1Rl3nywKhUlP1h2aTiWdRN5tf5ggy0f-a/view?usp=drivesdk,,,"25,00%"
093_DGT_B4_M04_S006 - Présentation d'une maquette de solution d'innovation ou de transformation,,,,,https://drive.google.com/file/d/1emUfwUbHwqsGRE6tZSAcPCqJ5DnLoC-n/view?usp=drivesdk,,,"25,00%"
094_DGT_B4_M05_S001 - La revue de projet dans le cycle de vie d'un projet,,,,,https://drive.google.com/file/d/1QlZvDyeFwOy7i8RB6mjRt-PDIlmTcYm-/view?usp=drivesdk,,,"25,00%"
095_DGT_B4_M05_S002 - Les participants à la revue de projet,,,,,https://drive.google.com/file/d/1YWH-Z1_v5wxJBF34u_HpoBKl8TDOpQz_/view?usp=drivesdk,,,"25,00%"
096_DGT_B4_M05_S003 - Animer des réunions structurées,,,,,https://drive.google.com/file/d/1i7qJEvnN60ztaliezkxhqvmjVcwIGgAI/view?usp=drivesdk,,,"25,00%"
097_DGT_B4_M05_S004 - Les outils d'une revue de projet,,,,,https://drive.google.com/file/d/1obr7u_DvAIKJFm2xj09cXY1QVpGYMd5C/view?usp=drivesdk,,,"25,00%"
098_DGT_B4_M06_S001 - Le cahier des charges des livrables,,,,,https://drive.google.com/file/d/15V2n4_4kvFBCBJYm7YLyw345s5MW_i2I/view?usp=drivesdk,,,"25,00%"
099_DGT_B4_M06_S002 - Eléments et critères de mesure de l'expérience client,,,,,https://drive.google.com/file/d/1Id4kHA71xGdNY5Nz0KvLfE6xt-tur0_9/view?usp=drivesdk,,,"25,00%"
100_DGT_B4_M06_S003 - Le management de la qualité des projets,,,,,https://drive.google.com/file/d/1RIGJnoGPC-DISR3K32ppbtIps3vD05OW/view?usp=drivesdk,,,"25,00%"
101_DGT_B4_M07_S001 - Le suivi des indicateurs qualité et amélioration continue,,,,,https://drive.google.com/file/d/1L4rj4q9q9ORyPPY2vCo7aSIpFbWJcFda/view?usp=drivesdk,,,"25,00%"
102_DGT_B4_M07_S002 - Organiser une gouvernance dans le cadre d'une démarche d'amélioration continue,,,,,https://drive.google.com/file/d/1mkfXyLTNnVYmmadmWuRQJ1UcRLXsPPwA/view?usp=drivesdk,,,"25,00%"
103_DGT_B4_M07_S003 - Méthodologie pour piloter un projet digital : une démarche itérative,,,,,https://drive.google.com/file/d/1_vSC_nGXSXrBhRw7fSpGy-bBeB9FCZFr/view?usp=drivesdk,,,"25,00%"
104_DGT_B4_M07_S004 - Emettre des recommandations pour les futurs projets,,,,,https://drive.google.com/file/d/1zoJfMMgT2DbUjVs6Dg4S6oEW5MXJFuGb/view?usp=drivesdk,,,"25,00%"
"105_DGT_B5_M01_S001 - Guide du bloc Management d’une équipe projet, d’une direction technique et/ou d’une équipe transverse",https://app.studi.fr/v3/medialibrary/lib/resources?promotionId=4416&subjectId=49478&moduleId=70361&themeId=129633,https://notebooklm.google.com/notebook/b14f46ea-c54a-479f-802d-acfdf84921cf,,,https://drive.google.com/file/d/17ICTnoUzATLleMLucp1MZlwz82tENdQJ/view?usp=drivesdk,,,"50,00%"
106_DGT_B5_M02_S001 - Recruter les compétences opérationnelles nécessaires à l'équipe projet digital,https://app.studi.fr/v3/medialibrary/lib/resources?promotionId=4416&subjectId=49478&moduleId=70362&themeId=111704,https://notebooklm.google.com/notebook/d5097677-b711-44fd-9d2e-07dbe7d6ba93,,,https://drive.google.com/file/d/1iodwIWI9JVyrDDfLZDMJKs4dhywpMxBe/view?usp=drivesdk,,,"50,00%"
107_DGT_B5_M02_S002 - Les compétences et talents,https://app.studi.fr/v3/medialibrary/lib/resources?promotionId=4416&subjectId=49478&moduleId=70362&themeId=119236,,,,https://drive.google.com/file/d/1X6aUixjVVrtFs6ijv0la-jtXCkn9kGSH/view?usp=drivesdk,,,"37,50%"
108_DGT_B5_M02_S003 - Typologie des organismes de prestataires,https://app.studi.fr/v3/medialibrary/lib/resources?promotionId=4416&subjectId=49478&moduleId=70362&themeId=109188,,,,https://drive.google.com/file/d/1NaQqO5WUTlxGRJdCTmIDmUlaMywEft3W/view?usp=drivesdk,,,"37,50%"
109_DGT_B5_M02_S004 - L'utilité du suivi de la performance,https://app.studi.fr/v3/medialibrary/lib/resources?promotionId=4416&subjectId=49478&moduleId=70362&themeId=107254,,,,https://drive.google.com/file/d/1oTcle-OIKWzjg-CdCzaWxhrsNkT32fX6/view?usp=drivesdk,,,"37,50%"
110_DGT_B5_M02_S005 - La performance et l'évaluation de la prestation,https://app.studi.fr/v3/medialibrary/lib/resources?promotionId=4416&subjectId=49478&moduleId=70362&themeId=109196,,,,https://drive.google.com/file/d/1hpeAuwbcaLxvrpY10if62Dm0ytkCbdYI/view?usp=drivesdk,,,"37,50%"
111_DGT_B5_M03_S001 - Cartographier les compétences nécessaires au projet,,,,,https://drive.google.com/file/d/1CIZfVG9TvPlJgwXvI_YbMxMHxroqPcPE/view?usp=drivesdk,,,"25,00%"
112_DGT_B5_M03_S002 - Les compétences comportementales ou softskills,,,,,https://drive.google.com/file/d/1BXE2M9oj0CR4HC5XST4gMNtzHXRFrwE8/view?usp=drivesdk,,,"25,00%"
113_DGT_B5_M03_S003 - La maîtrise des processus,,,,,https://drive.google.com/file/d/1PGvsoh6SdYyOT1E0QLFdrcvnB-3lakRX/view?usp=drivesdk,,,"25,00%"
114_DGT_B5_M03_S004 - Les relations d'équipes face aux tâches,,,,,https://drive.google.com/file/d/1teXpmEgzDUhM_iNpvcL51X4x7m5wVGkY/view?usp=drivesdk,,,"25,00%"
115_DGT_B5_M03_S005 - L'amélioration du travail en équipe,,,,,https://drive.google.com/file/d/1LpdCqqdiY_6KuXDfHjX2lgtCdMtcRr_c/view?usp=drivesdk,,,"25,00%"
116_DGT_B5_M03_S006 - La communication avec l'équipe projet,,,,,https://drive.google.com/file/d/1h0OqquOomfEvmXsZPZoELYcHHaLJ1nfn/view?usp=drivesdk,,,"25,00%"
117_DGT_B5_M03_S007 - Traiter les dysfonctionnements du travail en équipe,,,,,https://drive.google.com/file/d/18zMbTybT6oCEXmsonXcaV2MBTOVCubxw/view?usp=drivesdk,,,"25,00%"
118_DGT_B5_M03_S008 - Application : Organiser la coopération au sein d'une équipe et interservice,,,,,https://drive.google.com/file/d/1dHOWxdhSOWkqTihVXoUimeN1n1KW0oVP/view?usp=drivesdk,,,"25,00%"
119_DGT_B5_M04_S001 - Communiquer sur son projet pour développer l’adhésion,,,,,https://drive.google.com/file/d/1IdNEHTkArkZrVUr9W8YJHEvRSnhcgK9q/view?usp=drivesdk,,,"25,00%"
120_DGT_B5_M04_S002 - Le business model canvas,,,,,https://drive.google.com/file/d/1FVtmpf5OeU54Aph-lcA43AhqIhllYg_r/view?usp=drivesdk,,,"25,00%"
121_DGT_B5_M04_S003 - Des présentations de résultats impactantes,,,,,https://drive.google.com/file/d/1EapWGpyblJ-cmahAnt3OHSkpfCNje_ca/view?usp=drivesdk,,,"25,00%"
122_DGT_B5_M04_S004 - La politique d'inclusion en entreprise,,,,,https://drive.google.com/file/d/1vAh_WNymR0SGfWhGsqvL3FxNeyHo6lwk/view?usp=drivesdk,,,"25,00%"
123_DGT_B5_M04_S005 - La lutte contre la discrimination,,,,,https://drive.google.com/file/d/10fEdnk0kK7dmKwu9OTr2Paj-jw9Snoez/view?usp=drivesdk,,,"25,00%"
124_DGT_B6_M01_S001 - Guide du bloc Garantir la performance d’un projet de transformation et/ou d’innovation en matière de technique et/ou technologie,https://app.studi.fr/v3/medialibrary/lib/resources?promotionId=4416&subjectId=49484&moduleId=71678&themeId=129822,https://notebooklm.google.com/notebook/7f81a85d-a2c6-4e63-a0c1-d173ad39161c,https://drive.google.com/file/d/1AcK_uBEPjPJ_iZlSgAfYZk6l33rBZiWQ/view?usp=drivesdk,,https://drive.google.com/file/d/1cX_htSNXe3gpnoXWk2gb6XgAyGLW6N9x/view?usp=drivesdk,https://docs.google.com/presentation/d/1OHQxODCV0MJArgiSMXPAG7cZ2733HRWu/edit?usp=drivesdk&ouid=108746249066667293401&rtpof=true&sd=true,,"75,00%"
125_DGT_B6_M02_S001 - Les spécificités du projet digital,,https://notebooklm.google.com/notebook/485d330e-ef28-4ac2-9c2a-99737531c6b7,https://drive.google.com/file/d/1Y3T3UlM1YBEbJntT2luSyd49cvXJKNE9/view?usp=drivesdk,,https://drive.google.com/file/d/1tuvl3C5oEtaIWqwB9AlMc-E--pzE04ZN/view?usp=drivesdk,,https://drive.google.com/file/d/1_Vj3tDCmBfZ5n_7eBVeL5Nv--iHTZQmD/view?usp=drivesdk,"62,50%"
126_DGT_B6_M02_S002 - Le recueil et l'analyse des besoins,,,,,https://drive.google.com/file/d/1EwajhkL3FS928_0fMmWsfKQq7lJGRRK6/view?usp=drivesdk,,,"25,00%"
127_DGT_B6_M02_S003 - Définir la solution et le projet cibles,,,,,https://drive.google.com/file/d/1hjiNBJ5XnyHK21FzTKovjCF-43RkZ6BD/view?usp=drivesdk,,,"25,00%"
128_DGT_B6_M02_S004 - Définir les objectifs et faire valider l’opportunité du projet,,,,,https://drive.google.com/file/d/1wxwxJ8vX7sa4eFE0dkirEjx_NsFy9Fd6/view?usp=drivesdk,,,"25,00%"
129_DGT_B6_M02_S005 - Le choix technologique de la solution,,,,,https://drive.google.com/file/d/1wJmFUDLTUT5SWCEh2UGQ2WRZhpfagibi/view?usp=drivesdk,,,"25,00%"
130_DGT_B6_M02_S006 - Le cahier des charges technique : détailler la mise en œuvre,,,,,https://drive.google.com/file/d/1c7BiRYEnBOxtz965IVDPMYtyb5LXgyDN/view?usp=drivesdk,,,"25,00%"
131_DGT_B6_M02_S007 - Le cahier des charges technique : du besoin à la solution technique,,,,,https://drive.google.com/file/d/1H1Z2fStnoh1IMurGkOFgacEG5jfWArMv/view?usp=drivesdk,,,"25,00%"
132_DGT_B6_M02_S008 - La construction du planning,,,,,https://drive.google.com/file/d/1g_CNdaOUaqv4XOWT1ZnEMgi17ZomGdJ9/view?usp=drivesdk,,,"25,00%"
133_DGT_B6_M02_S009 - Les principaux acteurs d’un projet digital : la maîtrise d’oeuvre,,,,,https://drive.google.com/file/d/16iFPS-4tYsJKSo05iHU4_oMe2TtBEyFn/view?usp=drivesdk,,,"25,00%"
134_DGT_B6_M02_S010 - Les principaux acteurs d’un projet digital : la maîtrise d’ouvrage,,,,,https://drive.google.com/file/d/1DlJNgXLGjFgYn8i1kj8nZXvdJCo6Ml8B/view?usp=drivesdk,,,"25,00%"
"135_DGT_B6_M02_S011 - Etablir la gouvernance du projet, définir les rôles et les responsabilités",,,,,https://drive.google.com/file/d/1zapeddkfQqB5uC8Hrxspc2KjdQM8SjVH/view?usp=drivesdk,,,"25,00%"
136_DGT_B6_M03_S001 - Introduction aux architectures multicouches,,,,,https://drive.google.com/file/d/1N-WPfiS23li1nzJfm6RutY8eFcNjz5Jy/view?usp=drivesdk,,,"25,00%"
137_DGT_B6_M03_S002 - Les design patterns,,,,,https://drive.google.com/file/d/1gDe6GY_vY3hsuliubDNBEKa2dP7Sbgw6/view?usp=drivesdk,,,"25,00%"
138_DGT_B6_M03_S003 - Les frameworks et ORM,,,,,https://drive.google.com/file/d/1iR9dqWkV4ERhOqpEvdD2wb4gKyvzdqVv/view?usp=drivesdk,,,"25,00%"
139_DGT_B6_M03_S004 - Les microservices et architecture distribuée,,,,,https://drive.google.com/file/d/10yGPcHopP-MM5kWVUojmDHefvKWEgiiD/view?usp=drivesdk,,,"25,00%"
140_DGT_B6_M03_S005 - L'éco-conception dans l'architecture logicielle,,,,,https://drive.google.com/file/d/1AKqQZAhqBCePCJe87m0htyGM4CeGqVrF/view?usp=drivesdk,,,"25,00%"
141_DGT_B6_M03_S006 - L'offre de service d'un fournisseur de services Cloud,,,,,https://drive.google.com/file/d/1cu_NjiqnuXZx4B3DaqjlqOz6HBFlSRpW/view?usp=drivesdk,,,"25,00%"
142_DGT_B6_M03_S007 - Les solutions SaaS et leurs implications architecturales,,,,,https://drive.google.com/file/d/15eX5Oa_P5A-DHMjE6LhSiBWgOrGypcDq/view?usp=drivesdk,,,"25,00%"
143_DGT_B6_M03_S008 - Les principes de sécurité en architecture,,,,,https://drive.google.com/file/d/1PeNsGQE8OSLha_Ir3tgs8bJD4Kx1TiEk/view?usp=drivesdk,,,"25,00%"
144_DGT_B6_M03_S009 - La réalisation de l'étude de faisabilité,,,,,https://drive.google.com/file/d/10BWZ93_kcyXoGixyeKGhzaWzS0NcnO-a/view?usp=drivesdk,,,"25,00%"
145_DGT_B6_M03_S010 - Le cahier des charges technique : description fonctionnelle et technique,,,,,https://drive.google.com/file/d/1wx6adxXRbh8_g654Uk9YIqkJkjQCjP7X/view?usp=drivesdk,,,"25,00%"
"146_DGT_B6_M03_S011 - Le cahier des charges techniques : budget, délais et suivi",,,,,https://drive.google.com/file/d/1VNO5oNUKLMas6RCzcMjSd7p_JoH2UPJC/view?usp=drivesdk,,,"25,00%"
147_DGT_B6_M03_S012 - Rédiger un dossier technique d'architecture,,,,,https://drive.google.com/file/d/1FqvWi1VZooApDn9uxQIKWRL1ZbMDdiqA/view?usp=drivesdk,,,"25,00%"
148_DGT_B6_M04_S001 - La démarche qualité en développement,,,,,https://drive.google.com/file/d/1-GPNcVWJXXmof1Rhhm54_NJuT1ycLgvl/view?usp=drivesdk,,,"25,00%"
149_DGT_B6_M04_S002 - La démarche DevOps,,,,,https://drive.google.com/file/d/1lA1mrg7qzmpendAw95pNWa1uirKmrC1l/view?usp=drivesdk,,,"25,00%"
150_DGT_B6_M04_S003 - La mise en place de l'intégration continue (CI),,,,,https://drive.google.com/file/d/1x38MqvdUNkhqLodr2SFJjpiCoj4eHLoJ/view?usp=drivesdk,,,"25,00%"
151_DGT_B6_M04_S004 - La mise en place de la livraison ou déploiement continu (CD),,,,,https://drive.google.com/file/d/1CV6qD8sah0c7vnqU8VyqzuwyIhmSc0wq/view?usp=drivesdk,,,"25,00%"
152_DGT_B6_M04_S005 - Les enjeux des plans de test,,,,,https://drive.google.com/file/d/12v9a_J60rlKDBiIgWAjuH0ucn5Hjh1iY/view?usp=drivesdk,,,"25,00%"
153_DGT_B6_M04_S006 - Élaborer un scénario de test,,,,,https://drive.google.com/file/d/1s3lHqZq3EnZ2U90Cgq2EK6xFlYM69cAQ/view?usp=drivesdk,,,"25,00%"
154_DGT_B6_M04_S007 - Mettre en place un environnement de test,,,,,https://drive.google.com/file/d/1MPvgE1gJAALgxTOb1sZoQS3_aCUvcU10/view?usp=drivesdk,,,"25,00%"
155_DGT_B6_M04_S008 - Les outils et les stratégies des tests de sécurité,,,,,https://drive.google.com/file/d/10zKWfQAmSAb1U6LCH-8gazxWtSLDJxVf/view?usp=drivesdk,,,"25,00%"
156_DGT_B6_M04_S009 - Planifier efficacement les tests,,,,,https://drive.google.com/file/d/16kx9Gx_QszMqZq9IKU07lNdE-szLOZ0Y/view?usp=drivesdk,,,"25,00%"
157_DGT_B6_M04_S010 - Valider les résultats des tests,,,,,https://drive.google.com/file/d/10cu5qsXb6KhLNn8SHHgErbtrOYes7_RC/view?usp=drivesdk,,,"25,00%"
158_DGT_B6_M04_S011 - Automatiser les tests en DevOps,,,,,https://drive.google.com/file/d/1I_9qsKQTSqFaFSs3CiY_oTICOh766cRX/view?usp=drivesdk,,,"25,00%"
159_DGT_B6_M05_S001 - La résolution d'une situation critique pour la survie du projet,,,,,https://drive.google.com/file/d/1VUeVt_Pcssa-OcDuQ-cMDiKzexewBw-j/view?usp=drivesdk,,,"25,00%"
160_DGT_B6_M05_S002 - Réaliser une analyse causale à l’aide d’entretiens et d’enquêtes terrain,,,,,https://drive.google.com/file/d/1ifIPChHw4yFf-gASCpkij8hlOjrHAHHA/view?usp=drivesdk,,,"25,00%"
161_DGT_B6_M05_S003 - Concevoir la solution grâce au Design Thinking,,,,,https://drive.google.com/file/d/1hNOepLNMQPpsZLejan1aJtvwrnDwzHNf/view?usp=drivesdk,,,"25,00%"
162_DGT_B7_M01_S001 - Une introduction à la stratégie de contenu,,https://notebooklm.google.com/notebook/5f15104b-4b7d-4f61-8be5-23c70ace6584,,,https://drive.google.com/file/d/1o-3kmI9Qxo6RMX9kZPC_bN4HMiqCqkqM/view?usp=drivesdk,,,"37,50%"
163_DGT_B7_M01_S002 - Les étapes de la stratégie de contenu,,https://notebooklm.google.com/notebook/9c935f33-9ce9-4c06-92e0-acc6292cff99,https://drive.google.com/file/d/1_yGKVd97tWWnWJvwhV2XRxbAPuuZvI2_/view?usp=drivesdk,,https://drive.google.com/file/d/1TgLOgQI3IM3VlLZU4DDW4KiTeOoeja_J/view?usp=drivesdk,,https://drive.google.com/file/d/1czBd09_qw0XSVrOGEeWcSN1jSdY106Wg/view?usp=drivesdk,"62,50%"
164_DGT_B7_M01_S003 - Les KPI dans la stratégie de contenu,,https://notebooklm.google.com/notebook/490e446f-6772-478b-be5d-7b29e53a5470,https://drive.google.com/file/d/1Zl8i3L_x9lB9mot2syBlBnc4dtgB17na/view?usp=drivesdk,,https://drive.google.com/file/d/1aG2LhLpz7hv_5aI235U3B0MBk2N3ecuc/view?usp=drivesdk,,,"50,00%"
165_DGT_B7_M01_S004 - Le développement d’une stratégie de contenu,,https://notebooklm.google.com/notebook/49726ea6-5825-46a2-8401-6353ed91829e,https://drive.google.com/file/d/1oDSQdg1wNHzjLM3aFAdBBvJX7STPuAix/view?usp=drivesdk,,https://drive.google.com/file/d/18HHO94WY2MPE2nTRGiV1CK6m47oFTuM7/view?usp=drivesdk,,,"50,00%"
166_DGT_B7_M01_S005 - Les étapes de la stratégie de création de contenu,,,,,https://drive.google.com/file/d/1WSqPP04PJtX1mL7gtSn3KsbvFf20Ak59/view?usp=drivesdk,,,"25,00%"
167_DGT_B7_M01_S006 - Réussir sa stratégie de création de contenu,,,,,https://drive.google.com/file/d/153h25d2MC66A5IStcbD4csMe08V-9Nxh/view?usp=drivesdk,,,"25,00%"
168_DGT_B7_M01_S007 - L’orientation artistique et le brief créatif,,,,,https://drive.google.com/file/d/1mVrocObh0EEAiokeVbKUcU6wJ7dOMU36/view?usp=drivesdk,,,"25,00%"
169_DGT_B7_M01_S008 - Introduction à la production de contenus digitaux,,,,,https://drive.google.com/file/d/1pZyhvyWdoPWS-qbfAoYMH9LpK1GEoQni/view?usp=drivesdk,,,"25,00%"
170_DGT_B7_M01_S009 - La création de contenu digital en adéquation avec sa cible,,,,,https://drive.google.com/file/d/1ywc5R37-_-5bLkf5wEON5PQrD-DrlUhv/view?usp=drivesdk,,,"25,00%"
171_DGT_B7_M01_S010 - Le brand content,,,,,https://drive.google.com/file/d/1K3if_Ocruh2LzZleXTMylCFOI1mqygdq/view?usp=drivesdk,,,"25,00%"
172_DGT_B7_M01_S011 - Le brand content et le storytelling digital,,,,,https://drive.google.com/file/d/1esAQqrTZIMbKl5jq2MYIRieT0oCyKByn/view?usp=drivesdk,,,"25,00%"
173_DGT_B7_M01_S012 - Le contenu de marque,,,,,https://drive.google.com/file/d/1cPG0TCF8LLZ9sEgNa3jXf8nc658h6dWD/view?usp=drivesdk,,,"25,00%"
174_DGT_B7_M02_S001 - Les sites internet,,,,,https://drive.google.com/file/d/1YLOhXbc6mku7q-k7JJIw9UHcPkfzVJv1/view?usp=drivesdk,,,"25,00%"
175_DGT_B7_M02_S002 - Le référencement des sites Web,,,,,https://drive.google.com/file/d/1l9DYWvx1k000Pr5p7ChH4hLmi3UJg3Fm/view?usp=drivesdk,,,"25,00%"
176_DGT_B7_M02_S003 - Les nouvelles techniques du SEO,,,,,https://drive.google.com/file/d/1cphLnsCP4Ta8n2Ai-yKuEwKp8PSjR62A/view?usp=drivesdk,,,"25,00%"
177_DGT_B7_M02_S004 - UX UI Design,,,,,https://drive.google.com/file/d/1-x_CUixL5x-uiFovXPs1_2449ck3ojkc/view?usp=drivesdk,,,"25,00%"
178_DGT_B7_M02_S005 - Les coûts de promotion,,,,,https://drive.google.com/file/d/1rg0IYpeWPiXJ0NIm1Re5tuslcP7dKTER/view?usp=drivesdk,,,"25,00%"
179_DGT_B7_M02_S006 - Introduction aux social ads (publicité sur les réseaux sociaux),,,,,https://drive.google.com/file/d/1Rqa_HU19rnfR_Kjc2vyPsHcBkNBwz3aq/view?usp=drivesdk,,,"25,00%"
180_DGT_B7_M02_S007 - Les différentes formes de communication,,,,,https://drive.google.com/file/d/1I4td7VRLhZQydZPYNSLkU18s1TVC_uE4/view?usp=drivesdk,,,"25,00%"
181_DGT_B7_M02_S008 - Les moyens et supports de communication,,,,,https://drive.google.com/file/d/1GpCAbBsuqvK93QNYT1YhnPJTKgd0x7nV/view?usp=drivesdk,,,"25,00%"
182_DGT_B7_M02_S009 - Les support audio-visuels,,,,,https://drive.google.com/file/d/19NBrKHqmYzzJPkGsGPO0nslthDGpF_Cx/view?usp=drivesdk,,,"25,00%"
183_DGT_B7_M02_S010 - Le multicanal et le mix marketing,,,,,https://drive.google.com/file/d/184mAT2-xcIdHrLXBFysqOeF6sSMyrbf4/view?usp=drivesdk,,,"25,00%"
184_DGT_B7_M02_S011 - Les outils de mesure de l’efficacité,,,,,https://drive.google.com/file/d/1q9BWRTALTsOoZ26O6X2qQC1yv1oWa37S/view?usp=drivesdk,,,"25,00%"
185_DGT_B7_M03_S001 - La rédaction de la charte et de la ligne éditoriale,,,,,https://drive.google.com/file/d/1Zi-MX1ECAMLVv30h39UdcmZeSvlOMkMj/view?usp=drivesdk,,,"25,00%"
186_DGT_B7_M03_S002 - Les outils du content marketing,,,,,https://drive.google.com/file/d/1Dg-d1aAaHSNYQ23NyCdRd8iWD6FAH_HS/view?usp=drivesdk,,,"25,00%"
187_DGT_B7_M03_S003 - Animation du plan d’action marketing,,,,,https://drive.google.com/file/d/1a7FW7kJtsuclpneF9Kxyv7DWGbms9L5A/view?usp=drivesdk,,,"25,00%"
01 - 🏗️ 188_DGT_B8_M00_S001 - Architecture et Technique,https://notebooklm.google.com/notebook/ef668020-b917-45c5-a9a6-059f4c7f9484,https://www.plantuml.com/plantuml/png/VLVDRjiu4BxdAGRe8NRQR7uQjobGB6fBTffTkt4Z8paiUg2fiSsM8bMIIfik-W1za_Yoftq3lTXoQCMnP6DH5BN4RsQ-RsOuexwpZXcN2PLcBDzxQzsznD_tgkTOiBbX6Voz1w1qYk47m40h5scf3JmxwTAVy7Oe55PlkyVTRc-mnYRY1y999poFMPeADOUJq_0uOcOk59mSXwThNQWqqaQXUG9y5rcHtOhKBU2qGxYV_g_HsdruOjHZ_ClSa7N583u_wRqwRh2zNGY7TLQdftLMvy7_pxstHrKczfx3mS68bVyu8oo2ZoWPJ0nJTgPDnfpG2c8n5uv917JGDPoYS5SOX0doXH9V2pmuy8wU__LiS7O-w9ryyYwlffyzICmif0NqfERaEj9PNYuTAexMcpmF9b7_h1zzWWlcWpfXA7wE9aJtE4Zt2mMvqP_HaGjNfuRE0uHI-YuyrrsEXTGE3UnsiCCWBfSpeOZ3FjlKwHvr0ivcWWjK3kkMvQyCdJEKGEk3bKkkbR0XX7qojtMZwtB9fB1eWXLJJDvRjC1POPb4I-94wZ7afShleFVwBARyHWijlgyAeAMUa_UgU8cM1Lci4pmOlEmVaytaFaVhKLKsBDpYb50rM28SmfrmHYY4LbAOmmnjOV1eO7G6bXlc-AAzRHJ2UzKELG6jQ9GS9VVMbGzPE9YZ9KuxxV2Gwon3mobUHTw25vwASebsfmtBSoauSs86hO5X6NxJvei5xoYN-9sC6jh9SRCQMzetFFsHGEiQ6NSluAR0tpxR5z1Lyq8oiyNdeXSJLeOwAPGMxYnyqCd7uHQKiOGqpjmtPX2O1GO9cZl1iVrOuBXpDY32jOisr7DgEobnewhd_PCjuAYGJd1Ty4L0rg1HU0rZtvqMbGjqeNNvVjJU3HnMRJNoLrQWyHhBXxb4knjELOwzVYgPr-Wq_yBcs6wo7UcqV92X3Qd4kTG2Cyycv6QBSYAKZtZeK37bF5UhvOfsHcEJIMno2VhN-57X2YQhUzY4lh-V6f5Ya-3O2CL5ZhRgPuuvMMzHUy8bLyFBU3idkVJwOSR4T3KvCvrI-mXNBXlWM5jB2KxtTqzNQCNToRf1phklEe7eUaW6zmbdaas59F_h9kdrt_HVVwgTmK8RyKEhnu5-XyO9Vuvrav7WHX_QLNFQ-jbGinHwtgNYj5HQvQ-lXNS-DIIOihPWXahVS6WHK05dr2ojoF_ZZTj48Oe_rB7TmcdhENd0IdMl--eyEYVL5sWV1__O4n0pppsyI0iOXx6s5l-otnc4J9M_N47j5gfXDvDK0zw8TOx2_DRPQkGxc0b5Mii7WmsRmOR3pJNXG9RBEPF_YzTcxXNOnxcn1UwkDW8ajrUJfgQ8BKIrEAAGRhlPBr4SJTfR0fzsSZBgNa-8vP_ZomOeoRruIYjHj33JYg_vMMZT2eCp6fFsY0Pnnl9smy5xFxKDhSzA6Onq4kdR1cea57ttXAHBfDAb1QShUpEkEhq_wBpiXDdjrt963X5YlBlARUYPowCeVXg6_Lw_Jr2QLGkTXfM847M7ep1KQgYeaE5-XVij9Pjg4uWsODI4cJ-mkmw7oBmmfjWyJA_6wIXipD2Zp3YFQTAyLCwtnoeiH5eveKBPBjlRR7MM2xd-skaLGgR0Acw-s0tu1AspK2ZXc31egm-aZN1RxfKpvRyIuMl1GblIJU8w3SjOCVEnc6AxOLHTmj1zNY3E67VsI8exGyMqZvDgq7aJh-uVruVhKHfaNAFDjMhSnM0Jqm2uC8WABaEB-dL5hH7YxMEM6_Hoi8PVtnJFEhhdClou4Lv2DxffDw2SexMY2Xnkjs6hWQkApBSk9RLkakYfyKrDSBbUnD0QiX_t_WMZB-iNm3LHipPichrtgDBgFnd_0G00,https://drive.google.com/file/d/1onqUymAVI5z7C2iGaJfUZJbxUAPfKmRb/view?usp=drive_link,https://drive.google.com/file/d/18HISqSJsmNMZ4_iGmiGKS0WSqzDU8tDS/view?usp=drive_link,https://drive.google.com/file/d/1XputY7odD4l4DodA6BVEtzrdtkRyDHPT/view?usp=drive_link,https://drive.google.com/file/d/1_WJjedcHSFykXzNDbTakjMP5NVOiga_t/view?usp=drive_link,https://drive.google.com/drive/folders/1NGp4bcke7tMn33JqtHN7Xnx0arIIXxYP,"100,00%"
02 - 🎨 189_DGT_B8_M00_S002 - Design Thinking,https://notebooklm.google.com/notebook/ef668020-b917-45c5-a9a6-059f4c7f9484,https://www.plantuml.com/plantuml/png/PPLTRjiu4CVVVOe1-j1y98xjngrR58lwmse2r6sG1Cd3eWZ6r5YUZKIgGofjTj43x2tsiNxV6-XY9HKbiMKO0apnFyCV_qEEFbY7uZBMSOPvwxrrzodzqQh74yP4C8D_MW3Qn5Jz0OYCTcEJ6e4NtM7uLMy_iQRwxR0p78wY9-q5_qtGxLVZCunZrWbqUzLmXfAmXcwd6fsRGiTZ8vhaMV23ioAxvjWjeTSFkf_-4MFSvsUY4QhRH49qJJ0PT4UlEmtQwoKxsgJgzJQf1bN-dwttHxKJhNtOs-lq3hk3jpUJZvStey7DhDEvkUXqUd084xASQBXSihxryNjxNh__vuleU12Dkbzzf5yefeoqi-1XqvUdSRb2nqPxwNub7K-Ff-ElC2bN2zOSfk0T9ELAbokfb92XjNn74Bza7qrsCp0ogh1W2u5l1Mh7hbm1tlb_OPo6uQQ-_3VbZ7ML-e492sSE5McVWpQrPy9QSKxM8-LUu5U7sAD8GjeHa0CbrNxkmZhrtgFHc-D9sFkP64NM5hPf4-pqeLmvz8btdto8ebVJJWZhjc6QvUYMJ65oOtPiijolkFGi0JyNimW6G-mHvsGDQzk8-3At97VLRWClPnb9Y6qczbcVBCczn6YqJR9UUxrCMt0Nzzejor_s0KT8BKdyOvjBOIoOKEKzXYtCqtALeUDl1JLNVDM6nebPcpxLZjAK4zAAG9aqnRcHK0ng24U2hAqpaWNpoS4T2gDsMsWprZ7CCCzhtOMFkPyRb70vccp7RV0LTiRTvvXibsg4rX8isEDNfn1sSioPv00KYZFw03vHOdORKITOkCqezfo2ol7Y029ECjpTXWuT0guOvoa5fhXG3dPcLsUxJUP-6ox9kYtOSr85SHfgiY2AvxwTM2WSfspHKI5DepuM9EmD1-UprMQ5n1Q6HwCc7pfXHUkv7s_Af7yS1QnBKaiTwcz3eYzXORjsCGRJRb0DDMUDar3FdIewd0lXBOc5t1G2Ss5B0fumIL5HGtzU_afIiZ1fdxUdxM5xrjuI_9zwuW8Mg3XbLvdGvBdmDI9LNneB3yrfY-tAE88SnNEnThOn-sZEP_FzwCG_r-PxGr5_WxBG_t2nOBtUQWR3r_s0CjL_KV4Zc7U5gKTzTcyqVJjzKxLNou9pha_LGxE0PP4XwzrDROHidvNkiJODrHK_QygLCjfasoeuTKzj_1t4OjX1-P_lkJvYIIe0OnQEkdaGRGQVU3eDOzB18n-_2Ar-xQPJ8I63IjbBMgqFfEFwm_qR,https://drive.google.com/file/d/1TzmeztyIJkrTUPwPXCqoGs5gEi3YZuoC/view?usp=drive_link,https://drive.google.com/file/d/1DEf1p1__a5tePG6r4RQaUcNqZ66qZ6Ql/view?usp=drive_link,https://drive.google.com/file/d/17u_i8wt40vIFXp2IC7oQqVkoZcvq50KJ/view?usp=drive_link,https://drive.google.com/file/d/1ALHe-lTPFpjEAZ1OGG2x0xivWYH30tRG/view?usp=drive_link,https://drive.google.com/file/d/1zz8INwsqEpvfuJibvSaYLzWyvRRdiB5O/view?usp=drive_link,"100,00%"
03 - 📚 190_DGT_B8_M00_S003 - Études et Veille,https://notebooklm.google.com/notebook/ef668020-b917-45c5-a9a6-059f4c7f9484,https://www.plantuml.com/plantuml/png/VPR_RXit3CV_prC8w1zBqXMraxXrWMAeVzX5i3fnww3zOnW2vOu-4z59LuhoaWrzWBx9_1ptOZkUpxEZGuiWW2L-A7v9KRJVUTR4ETeqryNHMy-F1duxQjPZr1dfNFrpf9HrATGVb9ewooDd7AbdtO7yrRiVq4ApE-WC1iFf_-m2_mRLxTNhkKvJj9dgdjNBcQOChUfswjKd5smwScI1zi03vY7_WYclr5bFk6_LFpd7Ltj5GvtSPoJUZO9nlpjyrOdKVbaXmrDLPsTFLVNhyxyTlNtPLEBekJezxPo_wBxft8xVtzmE-xUpJkTsqUcSgnUg_CuX1Q-0rMT0O-3qjF9u_iUpwKL_Ekp-MVbUEKPdLILrv6mIYC0cWZsliT7aOZ8IR5nkbcXHM34UMWyTLOe42SDF2BGD4uTOC8M40u4NDJDDoQhSj8BDd7M5Ct64QuDPl1z7phUkw1c_Xf-1HI2GcXMQbXhRIgUEagtAkIC6QecySc4DEZmei4pQie_iSt9fGAwFyE7ECtAGqiPOTOn3Keb1Y0_PMvSka4Nl8L2CN5e6wv7BZKfs-J62CQsKvixNb-lLw2deMybz09q2nULRwGgsMSkm2BY6qDejoas2Mku2cewS3bzVZ4NA46oooZNTgp5coDhK2cfaUZxf2FBP6P3g_JAmsZnw4E8GUPf4P9jMDadLjYmtaAoiz4Qqls3ILGqpCSLIhWEZsNOi-41jAPSsnKIpt8wwGwjH6louyx9x4e7bzsGb5PUyoirQcw15PiM-E8_PaIuuK8CcfAsFTNt0DUax0xubw3t99AWyzRPuwfW531G7cM8bo2l_QBbwYVMZyH4oqqoOWAHVD1ra8GVBkqiTzowc8cTM7R1ogJCkGy7zRZOTN6v_qXNqvh6e4pi43ed9Gs4SQNRRIYOkBmXiId0IWMFm2M71k1QEeA1ouy4oK4pAaPZeXcpgGahk8j71Wp-9HLvfgN-ToDXPMswWBVHZq0PvTwfrLYKhN2v9u9CsQtaFUzRSpAbsx9cJiFN4DaOcQIlod33NJNaQHldwoItbo3Zu0X9dqyR1kr1FDtX0pzfoMwjC5IANDUqf6kkBbmD-hKSUC8ADtQxlFD2wSP9RSyHrhtWb9J6jE5SXBpSaWjLneMr5AB3AO6QhCBDFrwEJNPVr1wzwKXbvGb97OqHEjlyU6qxUJ5uVz25ucS5t-Wvb11tUNKFU85N-IWVb7N5a79Xoi-q_vJ4l34JsUbxW4ilDZyDFyWBhtDgnFmR7saURbuosgeRKE3ODNJ3r4xI0MQnbvEmQhBP9CsU7WrVzKL-qDBDJZNJmsknhTJxfJNk7ewqzPHka-VsLGyLS-XNUwxzqX3G9RrzAJxwpw6jm654xAHKtrmJiOYbpewq8gGTtf6C_XIxpGYVySh9SEk8VQmNrNbkEWSMZv_BVhTq7NACw_dr-MRNOEx1fyuFpFm00,https://drive.google.com/file/d/1XsBta31M1n97qXIPWzxY6jQy5bGie569/view?usp=drive_link,https://drive.google.com/file/d/1ici1_BCffmcF92lPV8Tf9Lyn_PJyD_yo/view?usp=drive_link,https://drive.google.com/file/d/1Gw4HGf4zO6e3Vl-UG3wrqZtzM0zxkBUB/view?usp=drive_link,https://drive.google.com/file/d/1sqzEU9KFVpdeLb_lep97f_wTA7ZPrNVq/view?usp=drive_link,https://drive.google.com/file/d/1GNnv591hR2Z7RvufgD4E2H5ryUVmk0va/view?usp=drive_link,"100,00%"
04 - 💰 191_DGT_B8_M00_S004 - Finance et Business,https://notebooklm.google.com/notebook/ef668020-b917-45c5-a9a6-059f4c7f9484,https://www.plantuml.com/plantuml/png/RLRjRjis5FsVfo1GO8lpWTgfdRf0CLIIhI1Ot1XHiFuOXe2XhkNRKAJB3o_Uq0Vee_WPzjClDfAHR8SkWW0YUIxlkVSSalwa3LMcHb7MT77qKPiLXz-Ecl48QQLeJVuz8aJ84i878RaK9fDSAlAcb_Y_C7k30fhPf9iaQRx55lWFaDuWZAUqB55Kf7SHXXEgAXIarmsZEsb5cKabGEq0prZR-WkMPauk1XxttVqhAStd7QEKigTA-UY6mMZOIo-x4TilSpJmcjN5nMjMmx3_zwEFRvjE79sIavDk_xpteVSmkhf_I8SFasxteUXs--ISv2YeO430aDHg5A3roOcBEVtpJTuVvcdlBnVjafMq1c6eVIQb9O-sh5n0YHKQoXt-DE2pSN-SUNmcwuNKL1ZGn02R2qU-mcyMTC3kWnCsfyPdhoaw_0kP4eWFO0XSH_XhCLDK6sMPiIhGrg2MO5KCB8naJxGAcvLIYCqQTCpJQVS4nhUjBIMcDxMFtF4mcpK1GJXM0iXnCPwSaH7g1QUhCr98XfIJfDITAFXkivvjrWfSIRvvFl0snepFNU6Sr2qJNv5hNsq5cfMR5hGAmJ7rNAgQ6fJ21zpzCZfWFjgiby3bOl6IkmHDc9DbipQUZsuhXiC62xaCEx-MpkTP0d8EZJloz7r_vAdSUMCy8lTTyYWK9J9gl2Pa5ko5u3wFVvzUTxPUoVDtuwwFtlnOKcv3Gc-jkzjhZza7-JdoI7NBWdwrsgNw2IXRCHu4No8GnZ4qFRlvenCdlTvHTBZDMiSvmx468i0O29BCSJPJGCfVwMn6KO6Ey9dS_6VSSiA-MTGOoibQ1adMYU3tuIGvab8iGUb6Hpynjqh4UzC53Hxq-riZGrDRJsL9tcaL6GtwkIzlogd06RBGrVsZJVpAdWR3SJZVnVOybVOG-meyVWPc3Iw15BPshbsHut7HYK2R7yQMGGY7OFFDEbeVIQqHrCuTCI6t0JMltBDGpi_e6oM0wmDQ_iOn8QF3QSjTU8H8qPL3ZXDcSFPsIXs1MKpR5-otsEjlJ6pRd8aiWJjbn98wQwUJp5axtax9XMoiu3r9ELWLOGgeV1hTk5N7opjXW31lCUtbLB04ONKh-p2v73GoKkUI2Y6WRfrEN6_LJiSVnkyzx0fqoscXv5Sm0RAFcRXROYxzbP5KoC4LM31bwpDo0rHq8d3pnDQ1urNo-Vu-0cHqxiKEDz2Sggfz5CA349Dx8HtA3RTWO-83YbCqR4v6m9wYXS98jJB0EOhgfK5fSZdCXk5SU7E0CDjpKKZRl3dRDhqR3_B1onrXG779RBWcmle-8AN2yoV7R7SwWIYe7wM31_Dquf3MF8ceWFjG9L7hzls5Ppm8oPJykvnPKOPgFe4ecnys_mC0,https://drive.google.com/file/d/1a56S5VBIfcwUBzRn6dawgy-ZumIbH9Mf/view?usp=drive_link,https://drive.google.com/file/d/1K_m-ilCqEljHT_yRmVZWEMaFceu147ah/view?usp=drive_link,https://drive.google.com/file/d/1oklVk8vMt6CocYBYW_AipkWO-K63QiFy/view?usp=drive_link,https://drive.google.com/file/d/17AvEvt9rSghXUFGjqQUJQzZTEbt7AEpz/view?usp=drive_link,https://drive.google.com/file/d/1_bygJNNC-OGw8tQEaJGhYGfHEEvrhvgZ/view?usp=drive_link,"100,00%"
05 - 🎯 192_DGT_B8_M00_S005 - Gestion de projet,https://notebooklm.google.com/notebook/ef668020-b917-45c5-a9a6-059f4c7f9484,https://www.plantuml.com/plantuml/svg/TPNHRjis58RlynG7wCMQ14lYD6wpeXjgotPGe9sLk5WkXbxGqeboEebK3qaZsT07s5liideElTWE5SMgfGP5OL7yUCx_ax-OjzOfTWNfj53btXlhxdFyRQyTpqXbh0huPmz0cnIR1u25qIuokM5uDfg4VytRzwInVJivcKocYosxehyHHkDc7Aiq9Pt1wBGPVb2SaORHIJEwCbwdaM6Dt05tLFZYcb9t2wVZm7sL_soC-xrJD5N9Nnc7rQs2sVbe-lAaf_RwbXpkgZeztLLrtjJ_klVckDs9lKCuE9XebTzR17HmWTQHqP2YXIkoNxpyncm-epiu4FZmpsUBi_F5TFH9baL69rWwI7sB2dBO8D7yR1u5P5PNDwGfb0oJExFrlvkwqbYWTd3ZdMSWgSTEaUwHqiZMbJIGUGi5MizgdQFjOR5nKejKJgwkWD8mkA50zcNzOHArzhaYne6iTqN9TRNn5bu_FfEb7xIRv7MbMaebpWRvHci_aCLcdTVV2WpiLLsr-fIub-83RH_lIpdDZ0RAjkUnSgoaGaRDw7bihFkvRCve_uaLor9wgN0A6dDPibn_naGsnq9qETjlptKnVNKs2mfMndFOwFIdnprCL7U2WLoyc9zyWilBvMKKnRilO-b4HVtDCSAD1AHjkWjzK8ufmIPbfM97uPTHA-tG_XXTNIy_xiwi4ecFOZAo5gsbWcnOtPgPZSyMRG8BnSbjQ1RItJDoFc-YF3g2TmElEyoIAIEDy3gaqU6TGr5iIf7M0wLXagEMZfw5_ZxbjfGvQV75znRr4jv5IWALC3hRrtjw1B4uPxADMdWUCJbAGh3s1z8lM6t2pBOkF1z1_H-CztjWIAfQKzx2qQqASfwY5uOBdsC0uLUuW3k8UqHtp91izVMjl0XMv2D3_U0aLgma5qCR4nqgbAh1cYyfzUIW_4xqq8_3fENVIq0SGjPinb36sH6iF6qeN88nvSQf31-lF84cByU1YdEbWvrESHUcwVoN-Qi0hHpxn7d6S3Ec9l7Xy1kiunw_pUqrLLUzUGcEols3sulZ-3ZghqTRIch2zGPfNLdAzA36f35lW-AoK_mq94ofkEdPDzLT6MAgp9KU65f9k3sJHGQHz70XzJKhQpqtW0sY4t7lsVQegK-pkd9j9HjKoUC6-roaId8g3rnx2nQ67HPoeRr5dRP_vFy7,https://drive.google.com/file/d/1L8JPWI_Rc8FLgj-AIn_qq2fP1XkISVne/view?usp=drive_link,https://drive.google.com/file/d/16iXCSDg-CMv5ROJeM-ghLKHph1FhL7zd/view?usp=drive_link,https://drive.google.com/file/d/1pwImA9n5MsCtMQzpom7S3nh5NWU6mLmA/view?usp=drive_link,https://drive.google.com/file/d/1Rc4tpeuqs_6NjHGiyzw_aUSO2qi3Lmu0/view?usp=drive_link,https://drive.google.com/file/d/1K9cFBNVIuFhob7ugAhORluSFEOoWEUsL/view?usp=drive_link,"100,00%"
06 - 🚀 193_DGT_B8_M00_S006 - Innovation et Client,https://notebooklm.google.com/notebook/ef668020-b917-45c5-a9a6-059f4c7f9484,https://www.plantuml.com/plantuml/png/TLRRRXf947ttLvIK1umJAs0RXqZHAboOnDeGiyP9Lbf5LZDJXihsT4_wWknTvGFol3-n_Wwq_xNLGsD8eyYonKoVKttgKWU_jauOLv8gIb4TlBBkNk8l1_5vI69kH0b_7m0eNM3z0I3JoWsqr0QUj7lXftxxZXJ6jxrMhzVF7h5J-WkXtQcV9w8eICsXVL8_ZeMPau9sgtwwqbuL0sqKcYtWZafVVgB2BU2a4t3V-DTexTvl5VL5_kVS17PKCEos--UjHEsd1JdyKTN9oO-gkdNyRmUldiTA73o5ewFM-N7xvUdDyCtrJRzxCswrRgQjrZaSmuLIUYaSQGNeO209bJiwOjBJFvvaPzsit_xCz9uIyjuY56XXXbQJif3NMClWfpLuC3eR3GBuek3tT4lvEcpX8xH6xaAdc3lq1eg6o1qjoQqU4iH4Mmf159OS82XS2iaKc-0s-dAjScyCOmcbn5JPW6OIRGWpGMEr4dPFq-2_Vu8Y3XMmgHoZdJwk8XSEXSaNgmTtNw5jfj0Dg62082bN3qmeE9NL0qim_5TAfgKI9nnJSu8_gzb4at8SjSxLSTrI_S8upIDVBGZXS2ogYgUY-TCWjuRoKE3OyAp_ucnOLqfB6ReJQhLjFWoZ_iUcPzdfg1K8KnQTOnsps0NjeZuYSLHmc2-KbdfENtsu8ErQmbfzTxvOHoxN1Ky06r70IQ5Ho7KUN8sVmHBvsJw3gxVDLEsOcxBGCMeUSztJ-viNBCa9diqGbFjPY7c8QCCxwu9-szmdoIs79HXqX8fPjpht5iAILtkiCTsnrbJcfNSaMMD3pooQkAOVVjyJUfbxgKlEoOIcZ-uHd64_2PrFxz7URa-JmxSe77icoyw5SR4uYthXqZZNQ9s5tlF-Pd26dREidb-ZPpphPIZGewrCLmyIwpdR6PpkgBsR8u9DK3kmiN26SeIBiXAvW-UG2Gu_8nay8y5kndNwwV8wERgwl0XoFjOfWVYYFTCn0Qs-iyVuw5rXLSc6FgUwCsrABpSma0AgRUfCsClXSlObP7ThOJhkNQNIXfmybUIsdhaGPSMjhuUQHpcyJwkYYzM_4c4Wr3BOqKkOIPtRvgOdtTvv9_OaHskzXG7xZc0DeGeNHVYysvF-wENenThkgTmURSz2SRvwgj129RsXWcnEbIGboA1De3s7aj345JlEJRmkWGtHqbp1zO9K6Cb4IXoFFHrz8qXPnprWJd9MkpIRCkyg655HWGaWRdzjGMWXp91PB-owSltUUNVGZPMhjANOv3WuZ_Kw7NMoki1PS8OIbHF-BahT7hz3Q4oqDr-zfWOiBJG6kWpW1liKcbnYM73JJ6WVL6sFKvIIKuHT9OSVffCKpj8yxgBYLAHImzrUnU_cFQrJPmHNWyi25HhhXQKbVsJra3DHg89Sx7N2q-RUHQdeO2YSW2Ln01bj826yGVkuOBU8nOmDoGOcJmdp-2ZsOfHrJZjhpqRh3TQxrXZTLTmpGfKZ7FuwkMXkVMNK7uq-mtjqeHYbTcXWccl3kFUJQVD7r3NtAmJaIzrwm-BNqH9Dq92WiQniX5Si4ADUgwKFt9_4nfbM1HpMjkIeNi_Ng8hu3-h_,https://drive.google.com/file/d/1SKulQgKRsG3-osSBGK5hgrcu5ufIl4va/view?usp=drive_link,https://drive.google.com/file/d/1M5PMBUnQp-KPlhJKoyv9R-uVh6VukMgl/view?usp=drive_link,https://drive.google.com/file/d/1c7HVv84U9vBTxfPYU3w-9D_pxhlGeZW1/view?usp=drive_link,https://drive.google.com/file/d/1avwdBbk4avJZSCzk8tcKdq9jiedyCxI8/view?usp=drive_link,https://drive.google.com/file/d/1gpG3KrwZ42orn9shYPDpv1wa1fHxMsxN/view?usp=drive_link,"100,00%"
07 - 🌟 194_DGT_B8_M00_S007 - Management Humain,https://notebooklm.google.com/notebook/ef668020-b917-45c5-a9a6-059f4c7f9484,https://www.plantuml.com/plantuml/png/TLRRRXD947tFLvJ4W-D0X1rYOYIqmXSFH8k9DmwmqWf5xPcANMnFzz0NAzaL7y3p_iJcEwpzhwqUjx7JLa29PgRFgJbrwZ9vOvqmhYHLbA8wU6tTdSHV3kBzaCJSY1B-FW1Gki1mmVyohTn0IstWIRiN_jTFtvF2-BJNwlNwsK_ibFv2Q7Vg-uae2b9pQ9_KjsDXvgIWtQhlBhLNnK0RXMOBkANIbv-fS0iuwGJST_unMhiFMqLzaVyvDu4T5GoxxVxBLgBsyu8SFbHrSl9GLRUE__tWzVFenC5JE3fgdHstNvrU3zzUNVUxr-DMwthQQft1CQjJOeubAWVlV2b87Hqnu-aVJxBJRjPlVs5kJmbvPn4Aj313gqbPo2KnnJBuQGqUZ4v7Wm0-B_WvtL0k76a5XO_GW7m0dMBkq1ie6Y9tj2ItkayG4sqf155hUUXWAIHJR8BRwCkrohqnuVqe9QRA1ZIJQ4EO2HghbR1xcWR__HCKSQY0JUKOxVHn5RbmA4o-MDsxkmfjCuLkG0K314cvkcT2mQcixbc2uTzICYsLEE6OcXDypBC9U-yuQfshOzzI_S8upVrUBGZXS2ogYbkY-MYG6qDvC3WMFEkVdGvhfxIKeJh1gstnORZMlorwbhqOjG9Xog9ph6CMkw1Tr2SaZWeEyuNIKi_fcmylIAkMi5O_d2_MaSkruGbW8meuAJGAsUV1vVWPB97lxJEuVDTCrOwvA0iTe-Onrpszltd1afpWtWn1kPw5c8U8DZopBkYtpNsIt79OWa57g9XretDl8KnujSSQqorhJMLUU4UIDJRqpA9PhkVfu-zxGYzoBtN9EPbGzD4TWZEyJ4Bbq_TeRxUdoU4x58uN9ilEXN7Hd4KzS6cSAxJEGkzvVzCumyvfLlUlqJFkzJ8OjDQB3gQhUtOutEqqJdVKtiqHmIQe7TXOS6evmdbPYTp1SyW4Xv-H33iZmMxQTVhvuYevkhmu3t8-rIc1-Aezqp41hNxmZl5nTuLH9HlgdEhEj2cztC102gYsgJDXBuUBsTUGtOs5wRXtcKeRSl9Kajlkp8KeAovztTJSok5vweekLlzAv9bNox2ENi5CwjmsDpNfzbvsOarojDPR6F3U4QmXk71UXElTclH7hqPdwtLFvVPeUnRC-UQfGWkLz8OAiZbLafGWWpQ1zXnAGXD7x3WtyNK9R8YMvWgk5gH2IoPIOdliwUWRGSewhW5pahDwI_DIvba58oegC074wQzN45e8FMJM0xjshjzxsHrqetELjXIB71jdunTFGYUh3Sx2PWXVAE5ljrBZyNk4naHxyyrhQi3IGcEWom1ky9v2aqiC0swQ2UsZgjVZ5ANa565NoU77wII5ipIFkwZO5QdKy6wluhTvJ-lK6S5ki2qGld9UM5ho9Qk7d8b25UHYhHEUDdSkIaK7G-44B8a3oBW64i9Rj3y7x0QncF52ie79NS8yFegr66MT5vtrpaRh3TQprXZTLbmpGfKZ7FuwEMzkzygeFnfzWG_eWXcbTcXWccl3k0-JQVCXwehhnG73IzrwmkBdQ8acQ4ZGM5OsmYiMY56lrT87xYEnSSRT0OVrMd9KZ-SRL4Nyw_H_,,,,,https://drive.google.com/file/d/1n68i2gj3spyahsakktFaOrJ6J2nYCugU/view?usp=drive_link,"50,00%"
08 - 📸 195_DGT_B8_M00_S008 - Marketing de contenu,https://notebooklm.google.com/notebook/ef668020-b917-45c5-a9a6-059f4c7f9484,https://www.plantuml.com/plantuml/png/VPRXJjj84CU_ynGhLReIgge99MqgLQSwZesY8n0bANmu8JIn9sOEPpUtE-R8dVe0VPGyHrxiTXSdmSlfX92nvpSp_vdT6V7DC6XUaioNi3hwQdXTugz7zVk0eD2m5FyS2I5LZluF8L8bELQbqk9D9t8__ki5IQo_HkqewgTxTaf_e-Xq_ViOyfna8Jgd_dK4kY0fEct_Db6Lp6Eb9Ue3y4JBQdb3ET-BqwxZVjXVhHHV7XJr8NiejFEk5GnwdVwdTg3svfuOcwfEJvkgUZx-ZwEl7-fE7BqJ9oVjtllEb-xTu7nsr-_TZThjkscxtHFldVm7PETffMGsAChgvCGwlVlzJNhMI_kTM-jki-MmHCbGFLdhEs-DaxCalXMnT-93fAQvhq7cEwXf-cvGYtEKg85npuZZx-TngqbEMUarOrdQyBMsjF_vRE2qRNyohD0u_R7URe19oRt6DFsOj6z59A5S6tHC-HQVo318RYA3xMP1afotnOnGypymOreOCHr5araJ7kOehOqosFCnpKlxE1wZDag2QJKznYN8WyDn32NAN1DgiTtan4eJb86Bg-OGlpuR4wYcnQ8oZa4MOwsMoZaqcH6QIgCFiaAzK7e9CdDIVniFFqokXa7QgnNJaamjT8Q6nI_Y0a7BrgxrW-vPwg-5YyN6vPvMgvNIR5vqlfTq7FJIqZ1T_IKnj-fo0jishLQQjXi6qjWAo0Jq2_GS2hdTXCpq7lIBSA0PYjVK6EW5imR9hL3lRBsxJNN7NmcFD5DMFaFpKXM1-PhoxKRvhjpWdAIho0JCK2vKeM5rJ-X0wsCgB4DghF8C3DkZYggSL5ZC1JrgD5O2oCn7IUPAFPZTAVMYJrrNK0ovHZ5b3RpT5FHdXVj3wYTVai-UiTrZ5DkVkxlecGPqRJzMskU91fTDOpqGDhvuz9MK600p9Q5qG9ZvWWhv_ub7Q0mKRWJAxSO4njGEYQr8PdwuLzMyh6SiuAQyBjq0W1Rc-KA6GlgQSB4RkiLk1_QZJxsuv-pr627Ns-JGnOz9D_MT7ihSPNTjyjFLSaY3cMbOK5QVE36Qq6uNhCZVeYoWGBTm_zFkD_KZQZVu0M3dMHnFa5Nb2jM2B6UOZF7HMg7YgugfDAzadYjLbFXSA5CMgXnAGyKz6p6n1u9EqbHbP9y15qz6prrCqkx7RjidtA_Ll19f9IMMXvMHz9F4ZXSpQTJY-5AnyZl1pd4JYNtvJ1QwGCX5WJ8WhjrwHRk_D4ZZTnwJ2g7KJMf9nYMBbdCm1dAijDrptwnx_I_4lm00,,,,,,"37,50%"
09 - 🛍️ 196_DGT_B8_M00_S009 - Marketing Digital,https://notebooklm.google.com/notebook/ef668020-b917-45c5-a9a6-059f4c7f9484,https://www.plantuml.com/plantuml/png/TLRjRk8u5FtFKrYQ7qCxWmRQqg7IQ3K1accrfKGDMrPQhIgJNC9L7JlhZmfsDG_4S_1YQnlQ3iwCAgJOvpZd-9vhfr-Lfb9No8kArgqlIcyO_DOwZCT8Iqahyb-B42uAy0-498BhaM12adUzoFtvsLlaS9YDkb4qJ5wv6VuBfDVtuvGM1VAIzCxyS49bYPpqkdvqBmmlHa9oa6-4DLQcccEXL-IixtZVxKyAeU_U70rf_bHAj_hWO3pe3I-xWTlv2ZKSkpexEtOryE__tlhowL29rWToUjgzwlIkBX_7tsQFmy7ZfDjzpBhTAz9nzfz0kvLZB55JTdfgLtpuwrroCKY6lR_jsjcc1aMiKuNQFY3N83beI_pWYQFu8XuvOcPnyenQ8WU77i6ft6qLS4qr2awmi8-eTzk0DH9S0pT4ETu_1aAOIYjHE1Nbn80JXYM7dpg1JYwg2cJUDFC0_6Xr8A8f4wK1KajH6DGgt0hb29A09ZL5g81hedRRt4XKpGsjg5u8hKA7GwlGi1L9ZJa3HVAL55nOYgj1KrvgMW8ftiEw1hj4XJju2xK0akzB6aejbyZGXt78Enb-lXWxQocZ6fP2LllKIr0-ilPeafsyXfuavt7NiUT25ga4fHnqXAM2RPuf0vw3hnKp9N8La6wAtPOoKWiZoS9kECJdGemEAORAJbNJR2NgXdHMspoGCXV83tqGiAOry8uIfeca89NWtBt0byZvK_PT3GzE7PURXW5RAzSzjSJTLbEK41h4gcQOknDWSpGQNvG2tlLkkm1PxfiCUSwCUebhtBz8d8NxtNQvsqfNPizgP_7qKnP7FsOrYFr9jWXftr5j930F7-4JeLKdP_QOXe3RGo4ujmLGf3r3pU0Z6OFA9TREz4cmOEWAPwdNiyajQL_tEjUN8UKED4F-XBnicen8EwKRodNJOvIlg7PTMVtARCIvuBaLhyt2LzXLFoHz4w9aGA92XUeHAuL4lQf07LWD3_6wjlL6tzSloO6HfFt7d-4kHq82cSE2FBYhrTRkTfH-9CdD-2CPtMPDTbLJZGjalYygOP_W9Uv1TDdtvT6IMhH4VwWck7uxxQ-13-Eh-BCZtu8Y5wcRFmBI_RtMcCLrC3L6fIKkpFu2I1dDuIIWkDDfEERqm96Y4hudGYzJLojbkvrooZOA6gucr6hbGBBvT1P0CucKsopiQY43B8EoUlskv0pjSoWTrRKK-SfTh5RSh9lIXcbq60jt9uLIFmEc5JyiyFaCeyl1QE2q9g2CzDyezXwMIqlof_mrc_EudzWWVqzlIFk65vZxvb74z_B9CUb-QadteDtbgEmF-JCeZKhvanwGtGUseoskN6EaGkdzw9Wremi6jWJEu4B8Ocy_Jlhd_Vs5PkfQIAr8P0eKpwWCCFLsayJ3EBPIPl5oUSqUVWdTqmB5CPeWgso6mBM4MgA2OpWJxjBsnxBr5NXn-2VkVm00,,,,,,"37,50%"
10 - 🧩 197_DGT_B8_M00_S010 - Miscellaneous,https://notebooklm.google.com/notebook/ef668020-b917-45c5-a9a6-059f4c7f9484,https://www.plantuml.com/plantuml/png/VPRHRXkt4eRl_HG40fpOJWnBZfKeG70GQRKoT4uS-qW1Sd5G6FJkM9wKIsw6iwhT8W-Gj-Xbr5VevRvOIIuLoNGR18f4wPlbF__Ca7vhMH9NgCjArdjlBDyh-FTUN4zGBabMuhSz8RGf8NmGOceqPqOP4a_w8_ylVFiEDSHlHxtHQ3pzpYxmLn3zGLXVoh94lHJzax0ybxH4BVgzi9gRHfUP8Gsq1UwmQggFMFAjE1buxejxaJ7yVgjeB8kVb-IZeuB9i3z-sKlKVhn5XeUgJauUgXg6vt_PUtCSdTXx9WuF-xsZ_kjNLvEp3rVZuTLvhtUrwFLxuaYSeor0AQd1DFRmqD7F_lzaUZgSZli_kRXHKo8Bfr99KPYgQZGMaj5eKU8IMIfmCSz2J9QVvfcFcRJh6zGOA61nIQWBhC46SXVDzUUc_OF1Kr9BTMyX8RhjKJEG1h6o0kx2nmHpEnhDpg4bXeTXLKjYb0gvNIViJ9VjkWPTIbq4k2PeLc3JBB9RMTLMb4zbNQkOzACCpiqzQ2lsBJ8y5pkaVIweNLkGpTr14ZDtspSiD_R04Ms_ID15kouQyac84fmMetMx1fkQr5ad5XylFiJwJSUlJYSXYmSrcyIQYLbqz5yY3uPkgpYTliXxZoDZGC1skOlhJr0mtZWFJCEekhnb4JsGpE0YxK4Izh-cguqtu4OrTyvcr3U6giwyX9v79uKdGDbGOXqNFzQzczukDsQJFVV_Z_t3PjeoSkCZD2W52Nnk61eAsrRjccKLroK8Wk8MoBt-IR8r1Vht_L7f_5WXTOcdXfo1xQQg4RwNDYtFdJecwJvlQZiPd4vzffTa68hOHpkzibFBOTwFlKmCJkyFPtWRukH_MogmeZODkHYbvBKX6R9Eo4oM59-iRx04dOvTvFxR7ICrGOL0ma9Xl8Nx1Q65WqHmICsuVI6OR9FKjkZMDqTMXWDUIsiXuTwP9HO8AW3BBYX15lUMsszLtBAX5Q0_5mlO-3uSlHm4SQWCooM8YxfTaunT8_R7JRa4TZDrwS8qwkN1zqgCyzVvAnyRcRGI0TmbHqgPGdvFZS1QvrS1Dk5ckiIYAuoONym4i7kxIA3Cj7-otVIKzL0yHssgBvCAT4a851xbkfrC7TDv978XqHgjjwFCKDNMJocdEkCzN8LMEPEQEG7-8vNHGPexdfL4BzTPLFlCyLg1xQem7hqSPaElz1rMo623JB2r2vRNs2dPdo_ohVSlyi4qr2slQcNktM2AKNKjhPMbjormk-2Of0vNQGraGsaJu5pIvmO4XCT1GydFSxJ-vzgGiK7E2jsASDMkuRWcaygQa44MxUz2IPzxuRUyGwDJOI5DADWtH70w7a2riGcOcHByIS8aLn9J-GkfOxcsSvLgUc-ewhpDW1XlOfi-Dcksk13zqrwlB_PplKBouYlGVF0ttA0NkFQh1beY9CZ3dSJOPK5rWhHV2wFaTRm2pWX0_oBjhIjMrntvTF1Y46w1tNFXaimdO2kc3STwT_ESZ_FSivlxitmwgsfPS21saKj9ZFuq9D1ICsn7wNWpHqd4Y9sfkjaPuD0Kzj7MbMjsDDI1cT6Cke570kQm2Xrb-QWon50blqyDLOtQx2O8_E4YTTaLBO4VN92XoHjfSGKfDZlE9cB_4cjGg44KdRY3lRsteCluv_LV,,,,,,"37,50%"
11 - 🏆 198_DGT_B8_M00_S011 - Performance et Prestataires,https://notebooklm.google.com/notebook/ef668020-b917-45c5-a9a6-059f4c7f9484,https://www.plantuml.com/plantuml/png/TLPDRzj64BthLooGGor7TaN7IHqWAA8FAKXRnufa88UYC9RaY9nckSliXogto0_8loXwgcuzzDPR-SSwkwOKPQN242oIRsRVU_jcgPV6Scqhb7d5wyuBO-y5VDjfhyV82yqhzbk7CQbo25yOcoffHqeepHub0_yNxlw04jgxW_vWC9pki0ly5LZoD5pFU9wZB5Xo4IwlkIvGigGVhkRAoNoaj0Jz6R36obNlCBSbktZgSH_fevMoRpup6lBiVQ5zTSjWV9KCd_KZjkzAjF0bgukBBrbTXVuVEo--RfteF6QdfqbobZo_kXk_khqRNjrTz_jtYtwIi3Cs0xrKkk8o0mQMpJIGdPOZ_JyzfTh7FpwQNbvDXybFrELr3jBY4ZDkKKcFNpGR0Pc_8lJZW1vDBYSZZxwzhy6m_2kb2oxHL60y9W8D2f2PXm7BL5KvkMrU29Lo0UpaoRF-ltzrszAzseNLt3QR0WFnMglS1I8nxje9YsV6rRNIrh2JMgEqFVOBf3rMDPiSUVT_MPcwsMJ81Pfc4-Z7lKCzDULPoIrf1LDpAkp6m3c88CiGKJ26PBLgFxXcOteiLyOWwCF2LvhN9Pb75HZS9ybiXSQ147207cE1bWiWHel9JH1PSVqUB4MZnmpQ8zG6BaUrxUZzAPLLFLeZRpRgq9hNakxN87CklPjJ3IJDctLaYwO2rfYY2AJ1CbZNe2sI_0nJGPR61JDo2NmUFP5hBcYVTWleRXomaQR6V-esFQN2zK70vZniE_lWU61nLcjSHvWfyZsEcjGv6pOhmeqfwnoD1-LeQYMtqZfnC7VzbYY9EdgI4QZvP4lQ_91TqlPvgaZuwyKDUzxl9mU2AMwsL2HsePpEQ4yFz0ua5_S6o11AsjuiCvvP1y94y97WUhToA4h1A9GnRWWoAtsIAEbIkj2ovwqomDqw2idUeV30GpZ3miPBaDQqXyfq-Ctbs8kQeL2M5vup4tp_G0hg0dRwPD8FHuf6BWiHiAzGfDGqWFPHD-dFVl4b6Jbh5ysW6u6krJrugoTBKe_747CIvmJvjqNnp6zfDwRq1bVU0y-eZgZl0oVIQgWr-j5VSG5EzzXyCObNRJvzS5WJHkrKP4g8Xwync4OHQKpzu5A5RVx8IhyjcQfyvg42QG_eBXoL-D3DmOEs6OhRKYA8ec6ZjsDsCbBDFxR7thOpr6id8QPpuomASkjxBbCkU-nM4p7LOz-XvZr6Tws6OpOx-H1xcXkPdxcQLG2UM0ozvQdOMfqgdM-3D7vwEVNIfkBXsMptAc0ZYYYtkDgFqjKayUZad8sKpA3UlRpsduzuYQ13VBEIwm9C1DWVj1nM63yVQeGbonxMNyQBNvotr8wjFLY7dam3xQUcJ_HyhbnHab-PLXGMquqUNtCwLgobH1Yid0XhT6C2JywzyroWESwX-LHhSAljYrbQtVmj8DP83ZU_irlKeDd9S70RKvdoL6yF5qjg91ArcChbEHlZSkdCCHupmMNxbewUZD5OZQdR7JFRD_o14Xet5pY4uvXKT5w2pDiVYFy1,,,,,,"37,50%"
12 - 📣 199_DGT_B8_M00_S012 - Stratégie de communication,https://notebooklm.google.com/notebook/ef668020-b917-45c5-a9a6-059f4c7f9484,https://www.plantuml.com/plantuml/png/VPRVRjis5CRlynG4UZ4dTU4uJLeNA8PAijqPJHhNCXOCGn7Gqh5o6edK-2ThDlG1ThsNg7Unbn3sNZkabJIcsg886f4_ajyvv-C9Nsd3bQbGv1MlzrvgSrl2ZtljznXveNZ5_jnZJCWS_2-CJQKmYIobOe-6aVldHqzHG3iQ7KPHFBrdK_m3sF34VyzvdgCesF38VvvnLQ1WmqF_jP1Mv8bK0jGNu2DMjhh0t5onenF7VQ8V9QLv-qLHpBFhGhdLhOBnQ1W_EmpKNboXWLrLHqUxgaP-_qzxBmTj9lOUiuE3uT6JuOiNb-FNoyjuT7bsU7YP7WwFs1EM6iLDioaG66d9P5LPWHatACN10Qrz_EkZwV5e6W_Vqoxdgm-G6LnhnoO1-zYpoUHuaZXsULi3SJ_8kpKEsM4IMGYa6TQRSbJkS25uywzHi1-GqNeDsGEIOmLglxETu0-P0Wa9H9qr6tFbafwUHOjbHr5QDviCr_YRXM3c3BHLV5L2gCmOm49yPMRHR7Y9seJZIwXggQ3iI9DvyxcabFs4pKPnbLqv6TsiHRDnn7hkNE4ItsSpOMX1yu_fit6pqQZwBChSL9YWSVIQeWu6J_aDvWKmC6G5G06gBVeqVduyTi8IfE2-K_7fzEdaiAqucRJ0XwBRoTZ8cFLYg-a0hPcHxExt_IwPx99KLssftY6PUF9kDYHtbBt56-3setUuYwQZB_dlRwlkfrblx7oWqHaI5UZEqPwg5LOqJVXCh4iB8WEhli5g87VdMte19KSTY9o3qb9mrfihkSQIhT4PVl-k6EEJuwcBP2ur6gSBAX26WN7ErBo01-KOJOQ-RfACfhamhdYMxQvq-0x_imyt7EIb2oaOFKFz5NQkmDw03bMSmfr2bfJDfdFkcrcQijuRW9hDo89OrINqoOgsndo_SuIiQ2yWVpGRqMmeHrIn4a6O49q9ZSML8HAqHF4DAZLItHeeInJ5hl2OQw1HEYfrrzjOvVjZnHLTolkgZA9d9xugT06nQZuRzRsB4azUJ9w_zvEWCgJS-chd5eqUfA1kC2EhxS8KXq5ZjuKhtOf4gbegRc3GLgUpme3omgK_Ov3oaYlgAI4uHS55XirdHR3l6AtR1mk2RMcuwUxT-fprJkLgTKjf6vm2pq7vJb-Ze4tQxCJHir4osdQsMn3QTnXRatQZxr92rZ-P-WoUKuYbPhEgTedSU687cQjjvUVltlRP_DsYtpPhrsER3Um7UBGcSrpnRMDxjw2avw33BKjEnJG6lBQ4AxEjtWrgD10gJBXmBIIoEKeYB9HTaSjcGnvtwwLmUowWBlbj02quxU1cvpBFk3QXh0J9sXN_HeR6MA0X8PspNT5yazDKT_T_RyepM4bvtVSkudttlhc6V2R2PANe8h-05PbcSZv89r67C0fuHULclL-aNTeLtT4bNY_TvilVqMHNuOh9augZkrSkqhYKXTxQOZ8zUNhYctBpLybNpibjikPOIhFJoIRnPB8b3Q_RBgRa1p0EsM4YmSjR3ImdQkLll6OzLoepI2_Eb_i1JhdAkNUyspDM2Ek086-8peCerDMMXB3KuWrsLBMFpmeSyfeBOrYFZZPArhIzeEI4mfRk8S6juoarELlPlA05xbg6X_iNoJPYTNzVEnBUp6UKYPd8NGXWbLTRWrfBLT7jXqvcpcUa4OoqYcdwGK4ztQ3M_gz6bpxVeU_VUjG3Ne78sqVu_m00,,,,,,"37,50%"
13 - 🚦 200_DGT_B8_M00_S013 - Tests et Qualité,https://notebooklm.google.com/notebook/ef668020-b917-45c5-a9a6-059f4c7f9484,https://www.plantuml.com/plantuml/png/VLTTRXl94NxNAGhOXmnj2XObqwi4Ys27FzGgQwsrecmP20AZDLCQrhgdUhQxXX4Lx05oYpoQPyWZBvRkvcXfDf65898z_Ahxgw--hfA-TwAirCHbhPgZxvoiDFxrg5jFI5LMrV2l8m0s9SOF03F3CZRQMFXca8UV-FGjCNPFyvCy7yr-nyxf2M4mZEjhLPR45GnEu_9AsOeO1YTnTMDQBiV6CjeTu97gjhwZKXPmEWout_olDKP-sZ4QgU9pPKDqns1oFXYzEKdOtYr8S9_LwUa-g_Eu_sz7txtgb3Xw2IzU3CwEJqzEFaqkRZ-DpZzT-O_pay4P7CCjEd600Z-tIfDirYzU-8YNV_zczlfyDXhymyTk8U-5D3abs5hdCIyZPZnzFHr7pAf11oL2RShDsYeXmm6r1xkAtstMaBt_21DqL37QFX0BMbM442Z9OY7OIo9_CWprxz4bEL5SO1-GbsGDCzR80goajQXxARchpLeMfiIOv_GHRK45kWDw-QjHb2F8c1McRfHLv08fX2LQHuPTIkm7LE8htFW0JONhWokiqReFJuRHGR5GRObfL3m50fyXE2mCXuzPOx6cpHUB3gZs2nSFF4ZctRr3kum2XtJUjKBwC9Vf2e_5Ua_5P6hJBgD43apHQaKM3pajY3z3harRUYx8RhD6sFm7beOUmQTnM9GfMwp8YUsspfRaAsJwu7Cc_xPP5rPn6ZMZOh6jH6L9w-2QFvbTJWdwCdXZIVZFAD1cVIpe90GtnabSfFlVN5nFGldO8Kja1kPUKwN4aCLUP-xPwDlNao3djJLYPDMe2Y7RUZ9A4OJhHLaZV7OsFGdmaN8EOHOIZRSb8FOWL-hN5aL2xPKLmw_UOcKIp1rPVB2g3hLfL4Deqqq-N4DsHHpw1dmWTQyHFD6oBQINClf1jV97Z3g70BUrlpxasJd8PbJLgWzvQUuHFavwISZbyurSXXr1BHKNtWu9weFILCQYHOI0fx14RPecolwiz6JuUXQ8RlwzLBgD-D1iM4ZyOebVYNm-7KIHsx922S_tlXYRpNy5WWkM5Eu6euOCkJkozt_Gw4H9S3na9Vh059UpqYk7yJfkrg5e3Xw85HU4rgNKRh5kt06pQwsOGpLHuCQe4chL990hqkZ4yDRwloXjs2MG2tH1dCZ4eYXREZ3jLdrqptAUvs-6kwxyrbHK4EgaXNUqHzC_Jx-DBby5kvNRB2L41imUw3rJbCb1zc0uTcC7v8psXNUz17p9_fZARekPVTt0GzyqJh4SnCnNJZPVQeHCTwGZMAEaoBmei95kytjqXjX1eGavG7V8dGppnfUE7eAx3pExHljWR1rK19JGass5AJaVtzhezkoIVy4k__dFR_lmSJxlmyJCKvetvhvrWix5RUF04BgdM884EckVdc8dBWrp41IKrtNRajn1JdEnAkXBsv4wCe_FS-aWj_W7GKHagYWsNvpduKESQMs1AU6HzWDX2svtqnpmKT3o0Vh2uceBBWop8kUYWesoGgZrSoiTvM_En-U1zircxLejIg8PByBCiUnZTZVyR3gS3IDKDOsnOGP6DmR07cA-ObduRD1NonessbIXjWbgh9Lplkf5j4fW1fLLiMSbo9mP7v-dZceMqIWfgRmEBTHqhXuR5k8M3xZzgEW9ESn88OaZdgjk0lxQ6g6Ia5ql2RgUZ7F8GfyudfZZyGABpyTv8IbiJeym3xqPCj_coZRQCFJL1zMAwwMCTneVqhorggGGpg5OleZ8OfMcCDVxOAcY4jFZyue2r9-tZtxG-4Zt-W3_u_KbP3MwrY8qkrlMEMCw6vuDuuoQuF9T4zNFMp6r4d9Hv5thduwcKr_GorVZ2MHxtQNewj3RXsxlVObW0nIT2rZrlBjtuZvyNbXgV41sSNSBVu4BMY8Vtotyowr_IVRk9cOsHurCRTs7l6dY-z-GFrEexj7to6NtFyR_0000,,,,,,"37,50%"
14 - 📱 201_DGT_B8_M00_S014 - UX et Prototypage,https://notebooklm.google.com/notebook/ef668020-b917-45c5-a9a6-059f4c7f9484,https://www.plantuml.com/plantuml/png/VLRTRXit4xttKn38XLTElbZoPoTg4HJHZvIehM8Zoa_G8Z1excXtQYwv8Rcgd28FqEi-G6-jtlKPzeNw21tIAtjDjOKXQqcUmpapEXpkS-kuSGMgjE3btZFhhYHyizUCnyWpmmlsonvZIgSG7XYRQkL6Mch37lG6_Y_CVeyAcjb1Tp0OJc-n2_mCh7SIncSyJL5bh7SKXdDkCbIirmsZrxfIwKWR1UOEiCQYAjvZwd9sTE9nN-XZj7QlxXGDkRZCZ6St2iRztl19DrBxFaS7zrKT7TrNrG_xVzbxTjXKOkyXEpZe7RF_iRz-_-rFTjJjdOzVl3aVzi_dtUxveXkMtdvWuDYPqKwxgv9dS710n8S_FfWUzwV3taVQOlQOZRGIK3hKoXEIoRgiDmQ19jbRXn8jTr2P3d4V1kveSZmPVMIdH2beCH0fOxcFoe7X8anaKbzm2VSfGsxh3J1R6NO1LgEoNfy1Qq4vj6smrtQMSmlMx-qCNt6KGK8Rynf43eO-hBfJof8WP8Nmitt4U9MYivs8-8DMlgx9PwqeGi65qUnhbWDFmJnYGfkIg4kj7PYO-XuDBCbzm98bIgzkwJcbv08AoiEoUYFhJNYCkMVS25qPosvBjIIrZkeToaWnhQWtYXlKn8tAGIu47sxECrLPodt5LRPJaYaNAFsMBDtdGjJNDW8CX01hyQ919GPiIQ5n1PqOwLpGkFB0_mZJrDvd4A56fjwasr3HscIvHC65NsbCEHq-FHu7KqQkdB5avWksvF_coUdq_vDkgAz3O2ka_2GqhXHm0IQx3no3nKonfLR1hWgaTo9ObzSRXvygQCEzf8QmkB8EYX2slJwaSAY9V4rK7rReejIMUpTG2Pe2aIGR4HV-DDl0uBxMzRK1hwIaKMPucUym1auNABO997u8v9kv9i-9IlhdKvDnXPRcEn6v_dNhJ1PszvbQbhm3uRH1a8T3T0KlEt7sfpw36vcKJlYbTsemnQpWiTXKNm3xC6Q7x2pNJjjSb_GyaxAopd0A6jVZ4fp8MJBdudGHgn-iAmCisVOpiA7C4jO-qSP2uvFZQR2Gzz2SKtxE0Nl9A_e_hZTBL1WybRmSjztJduHkk72c4ewYXANssWk3KaBeLq9BxnYgsr1hv_CeEn7wPMWa7ZmDFUGVud3oVOPWsHXMA7O3pZKT6w2g6kjOKXhK9XmtMt3ZobmhE5nCJkF0P8jBfyijpG0vt0L7MgHlMADrNBdRSlK7Jqv2kTuzRjyJNlaRiCxUbcWu-Mhor2DVuGfujGvz3zDw4uvsWBLnGsvj6y0Ii9ygf4dRYQ1pVGLAtGSNpG_NFg0IOcRuLU_nIgFzPK1VQOMEbXINdJY3hPdtEQrUMTWHFxaADuwu35U4WOoRT5TrPTiegok3ExcDk77DySwv37UJa2ZiORXtI08gqctgFrpCVC4_KnvIEvPeavgRNWR1cpi9pQbdvJg5RLDuawFogdOJAqhkSeHekdKkefKPbPRlphUj4grurzoOQpXuqX_rlRxWBV1tVDZBcskaYw9IACB4rcHqoa-c9u719QOtu9548WP86_EQd6sAIe9X4kpsTI82pRLonYFskQJ2XEkPsUtP8uj5-AOlUGPdGYiV8XZB45u6EaVVWcQBqqwi-LkYuh99YQM-E-KQrplAfoZo6q_yr6P4gEOLjxX1BcMrZW1KqMe5riiKfhxsDak-EvizeXxlgdHxf_Z6-1nKshmu_mq0,,,,,,"37,50%"
,,,,,,,,"0,00%"
,,,,,,,,"0,00%"
,,,,,,,,"0,00%"
,,,,,,,,"0,00%"
,,,,,,,,"0,00%"
,,,,,,,,"0,00%"
,,,,,,,,"0,00%"
,,,,,,,,"0,00%"
,,,,,,,,"0,00%"
,,,,,,,,"0,00%"
,,,,,,,,"0,00%"
,,,,,,,,"0,00%"
,,,,,,,,"0,00%"
,,,,,,,,"0,00%"
,,,,,,,,"0,00%"
,,,,,,,,"0,00%"
,,,,,,,,"0,00%"
,,,,,,,,"0,00%"
,,,,,,,,"0,00%"
,,,,,,,,"0,00%"
,,,,,,,,"0,00%"
,,,,,,,,"0,00%"
,,,,,,,,"0,00%"
,,,,,,,,"0,00%"
,,,,,,,,"0,00%"
,,,,,,,,"0,00%"
,,,,,,,,"0,00%"
,,,,,,,,"0,00%"
,,,,,,,,"0,00%"
,,,,,,,,"0,00%"
,,,,,,,,"0,00%"
,,,,,,,,"0,00%"
,,,,,,,,"0,00%"
,,,,,,,,"0,00%"
,,,,,,,,"0,00%"
,,,,,,,,"0,00%"
,,,,,,,,"0,00%"
,,,,,,,,"0,00%"
,,,,,,,,"0,00%"
,,,,,,,,"0,00%"
,,,,,,,,"0,00%"
,,,,,,,,"0,00%"
,,,,,,,,"0,00%"
,,,,,,,,"0,00%"
,,,,,,,,"0,00%"
,,,,,,,,"0,00%"
,,,,,,,,"0,00%"
,,,,,,,,"0,00%"
,,,,,,,,"0,00%"
,,,,,,,,"0,00%"
,,,,,,,,"0,00%"
,,,,,,,,"0,00%"
,,,,,,,,"0,00%"
,,,,,,,,"0,00%"
,,,,,,,,"0,00%"
,,,,,,,,"0,00%"
,,,,,,,,"0,00%"
,,,,,,,,"0,00%"
,,,,,,,,"0,00%"
,,,,,,,,"0,00%"
,,,,,,,,"0,00%"
,,,,,,,,"0,00%"
,,,,,,,,"0,00%"
,,,,,,,,"0,00%"
,,,,,,,,"0,00%"
,,,,,,,,"0,00%"
,,,,,QQOQCCP,,,
,,,,,infographie,,,